query_smiles,query_inchikey,smiles,identifier,search_type,score,database
NCCCC[C@H](N[C@@H](CCC1=CC=CC=C1)C(O)=O)C(=O)N1CCC[C@H]1C(O)=O,RLAWWYSOJDYHDC-BZSNNMDCSA-N,N[C@@H](CCC1=CC=CC=C1)C(=O)N1CCC[C@@H]1C(=O)O,ENAMINE-REAL : Z3294083127,consensus,0.6071428571428571,enamine-real
NCCCC[C@H](N[C@@H](CCC1=CC=CC=C1)C(O)=O)C(=O)N1CCC[C@H]1C(O)=O,RLAWWYSOJDYHDC-BZSNNMDCSA-N,N[C@H](CCC1=CC=CC=C1)C(=O)N1CCC[C@@H]1C(=O)O,ENAMINE-REAL : Z3294083233,consensus,0.6071428571428571,enamine-real
NCCCC[C@H](N[C@@H](CCC1=CC=CC=C1)C(O)=O)C(=O)N1CCC[C@H]1C(O)=O,RLAWWYSOJDYHDC-BZSNNMDCSA-N,CC(C)(C)OC(=O)N[C@@H](CCC1=CC=CC=C1)C(=O)N1CCC[C@@H]1C(=O)O,ENAMINE-REAL : PV-007652580295,consensus,0.578125,enamine-real
NCCCC[C@H](N[C@@H](CCC1=CC=CC=C1)C(O)=O)C(=O)N1CCC[C@H]1C(O)=O,RLAWWYSOJDYHDC-BZSNNMDCSA-N,CC(C)(C)OC(=O)N[C@H](CCC1=CC=CC=C1)C(=O)N1CCCC1C(=O)O,ENAMINE-REAL : PV-007652580291,consensus,0.578125,enamine-real
NCCCC[C@H](N[C@@H](CCC1=CC=CC=C1)C(O)=O)C(=O)N1CCC[C@H]1C(O)=O,RLAWWYSOJDYHDC-BZSNNMDCSA-N,CC(C)(C)OC(=O)N[C@H](CCC1=CC=CC=C1)C(=O)N1CCC[C@H]1C(=O)O,ENAMINE-REAL : PV-007652580292,consensus,0.578125,enamine-real
NCCCC[C@H](N[C@@H](CCC1=CC=CC=C1)C(O)=O)C(=O)N1CCC[C@H]1C(O)=O,RLAWWYSOJDYHDC-BZSNNMDCSA-N,CC(C)(C)OC(=O)N[C@@H](CCC1=CC=CC=C1)C(=O)N1CCC[C@H]1C(=O)O,ENAMINE-REAL : PV-007652580293,consensus,0.578125,enamine-real
NCCCC[C@H](N[C@@H](CCC1=CC=CC=C1)C(O)=O)C(=O)N1CCC[C@H]1C(O)=O,RLAWWYSOJDYHDC-BZSNNMDCSA-N,CC(C)(C)OC(=O)N[C@@H](CCC1=CC=CC=C1)C(=O)N1CCCC1C(=O)O,ENAMINE-REAL : PV-007652580296,consensus,0.578125,enamine-real
NCCCC[C@H](N[C@@H](CCC1=CC=CC=C1)C(O)=O)C(=O)N1CCC[C@H]1C(O)=O,RLAWWYSOJDYHDC-BZSNNMDCSA-N,CC(C)(C)OC(=O)N[C@H](CCC1=CC=CC=C1)C(=O)N1CCC[C@@H]1C(=O)O,ENAMINE-REAL : PV-007652580294,consensus,0.578125,enamine-real
NCCCC[C@H](N[C@@H](CCC1=CC=CC=C1)C(O)=O)C(=O)N1CCC[C@H]1C(O)=O,RLAWWYSOJDYHDC-BZSNNMDCSA-N,N[C@@H](CCC1=CC=CC=C1)C(=O)N1CCCC[C@H]1C(=O)O,ENAMINE-REAL : Z3294113507,consensus,0.5689655172413793,enamine-real
NCCCC[C@H](N[C@@H](CCC1=CC=CC=C1)C(O)=O)C(=O)N1CCC[C@H]1C(O)=O,RLAWWYSOJDYHDC-BZSNNMDCSA-N,N[C@H](CCC1=CC=CC=C1)C(=O)N1CCCC[C@@H]1C(=O)O,ENAMINE-REAL : Z3294113175,consensus,0.5689655172413793,enamine-real
NCCCC[C@H](N[C@@H](CCC1=CC=CC=C1)C(O)=O)C(=O)N1CCC[C@H]1C(O)=O,RLAWWYSOJDYHDC-BZSNNMDCSA-N,N[C@H](CCC1=CC=CC=C1)C(=O)N1CCCC[C@H]1C(=O)O,ENAMINE-REAL : Z3294113509,consensus,0.5689655172413793,enamine-real
NCCCC[C@H](N[C@@H](CCC1=CC=CC=C1)C(O)=O)C(=O)N1CCC[C@H]1C(O)=O,RLAWWYSOJDYHDC-BZSNNMDCSA-N,N[C@@H](CCC1=CC=CC=C1)C(=O)N1CCCCC1C(=O)O,ENAMINE-REAL : Z3294088341,consensus,0.5689655172413793,enamine-real
NCCCC[C@H](N[C@@H](CCC1=CC=CC=C1)C(O)=O)C(=O)N1CCC[C@H]1C(O)=O,RLAWWYSOJDYHDC-BZSNNMDCSA-N,N[C@@H](CCC1=CC=CC=C1)C(=O)N1CCCC[C@@H]1C(=O)O,ENAMINE-REAL : Z3294113173,consensus,0.5689655172413793,enamine-real
NCCCC[C@H](N[C@@H](CCC1=CC=CC=C1)C(O)=O)C(=O)N1CCC[C@H]1C(O)=O,RLAWWYSOJDYHDC-BZSNNMDCSA-N,N[C@H](CCC1=CC=CC=C1)C(=O)N1CCCCC1C(=O)O,ENAMINE-REAL : Z3294088411,consensus,0.5689655172413793,enamine-real
NCCCC[C@H](N[C@@H](CCC1=CC=CC=C1)C(O)=O)C(=O)N1CCC[C@H]1C(O)=O,RLAWWYSOJDYHDC-BZSNNMDCSA-N,CC(=O)N[C@H](CCc1ccccc1)C(=O)N1CCC[C@H]1C(C)=O,ZINC15 : ZINC001182770985,consensus,0.5573770491803278,zinc15
NCCCC[C@H](N[C@@H](CCC1=CC=CC=C1)C(O)=O)C(=O)N1CCC[C@H]1C(O)=O,RLAWWYSOJDYHDC-BZSNNMDCSA-N,NC(=O)N[C@@H](CC1=CC=CC=C1)C(=O)N1CCC[C@@H]1C(=O)O,ENAMINE-REAL : PV-007811704768,consensus,0.55,enamine-real
NCCCC[C@H](N[C@@H](CCC1=CC=CC=C1)C(O)=O)C(=O)N1CCC[C@H]1C(O)=O,RLAWWYSOJDYHDC-BZSNNMDCSA-N,NC(=O)N[C@@H](CC1=CC=CC=C1)C(=O)N1CCC[C@H]1C(=O)O,ENAMINE-REAL : PV-007811704770,consensus,0.55,enamine-real
NCCCC[C@H](N[C@@H](CCC1=CC=CC=C1)C(O)=O)C(=O)N1CCC[C@H]1C(O)=O,RLAWWYSOJDYHDC-BZSNNMDCSA-N,NC(=O)N[C@@H](CC1=CC=CC=C1)C(=O)N1CCCC1C(=O)O,ENAMINE-REAL : PV-007811704769,consensus,0.55,enamine-real
NCCCC[C@H](N[C@@H](CCC1=CC=CC=C1)C(O)=O)C(=O)N1CCC[C@H]1C(O)=O,RLAWWYSOJDYHDC-BZSNNMDCSA-N,CC1CCCN1C(=O)[C@H](C)N[C@@H](CCC1=CC=CC=C1)C(=O)O,ENAMINE-REAL : Z6294505971,consensus,0.5483870967741935,enamine-real
NCCCC[C@H](N[C@@H](CCC1=CC=CC=C1)C(O)=O)C(=O)N1CCC[C@H]1C(O)=O,RLAWWYSOJDYHDC-BZSNNMDCSA-N,C[C@H](N[C@@H](CCC1=CC=CC=C1)C(=O)O)C(=O)N1CCC[C@@H]1C,ENAMINE-REAL : Z6296406740,consensus,0.5483870967741935,enamine-real
NCCCC[C@H](N[C@@H](CCC1=CC=CC=C1)C(O)=O)C(=O)N1CCC[C@H]1C(O)=O,RLAWWYSOJDYHDC-BZSNNMDCSA-N,C[C@H](N[C@@H](CCC1=CC=CC=C1)C(=O)O)C(=O)N1CCC[C@H]1C,ENAMINE-REAL : Z6296325516,consensus,0.5483870967741935,enamine-real
NCCCC[C@H](N[C@@H](CCC1=CC=CC=C1)C(O)=O)C(=O)N1CCC[C@H]1C(O)=O,RLAWWYSOJDYHDC-BZSNNMDCSA-N,CNC(CC1=CC=CC=C1)C(=O)N1CCC[C@@H]1C(=O)O,ENAMINE-REAL : Z3294083208,consensus,0.5423728813559322,enamine-real
NCCCC[C@H](N[C@@H](CCC1=CC=CC=C1)C(O)=O)C(=O)N1CCC[C@H]1C(O)=O,RLAWWYSOJDYHDC-BZSNNMDCSA-N,C[C@H](N[C@@H](CCC1=CC=CC=C1)C(=O)O)C(=O)N1CCC[C@@H]1C1CC1,ENAMINE-REAL : Z6296613866,consensus,0.5396825396825397,enamine-real
NCCCC[C@H](N[C@@H](CCC1=CC=CC=C1)C(O)=O)C(=O)N1CCC[C@H]1C(O)=O,RLAWWYSOJDYHDC-BZSNNMDCSA-N,C[C@H](N[C@@H](CCC1=CC=CC=C1)C(=O)O)C(=O)N1CCCC1C1CC1,ENAMINE-REAL : Z6295428135,consensus,0.5396825396825397,enamine-real
NCCCC[C@H](N[C@@H](CCC1=CC=CC=C1)C(O)=O)C(=O)N1CCC[C@H]1C(O)=O,RLAWWYSOJDYHDC-BZSNNMDCSA-N,C[C@H](N[C@@H](CCC1=CC=CC=C1)C(=O)O)C(=O)N1CCC[C@H]1C1CC1,ENAMINE-REAL : Z6296618174,consensus,0.5396825396825397,enamine-real
NCCCC[C@H](N[C@@H](CCC1=CC=CC=C1)C(O)=O)C(=O)N1CCC[C@H]1C(O)=O,RLAWWYSOJDYHDC-BZSNNMDCSA-N,CC(C)C1CCCN1C(=O)[C@H](C)N[C@@H](CCC1=CC=CC=C1)C(=O)O,ENAMINE-REAL : Z6293742160,consensus,0.5396825396825397,enamine-real
NCCCC[C@H](N[C@@H](CCC1=CC=CC=C1)C(O)=O)C(=O)N1CCC[C@H]1C(O)=O,RLAWWYSOJDYHDC-BZSNNMDCSA-N,C[C@H](N[C@@H](CCC1=CC=CC=C1)C(=O)O)C(=O)N1CCCC1C(C)(C)O,ENAMINE-REAL : Z6295547878,consensus,0.5384615384615384,enamine-real
NCCCC[C@H](N[C@@H](CCC1=CC=CC=C1)C(O)=O)C(=O)N1CCC[C@H]1C(O)=O,RLAWWYSOJDYHDC-BZSNNMDCSA-N,C[C@H](N[C@@H](CCC1=CC=CC=C1)C(=O)O)C(=O)N1CCC[C@@H]1C(C)(C)O,ENAMINE-REAL : Z6296292809,consensus,0.5384615384615384,enamine-real
NCCCC[C@H](N[C@@H](CCC1=CC=CC=C1)C(O)=O)C(=O)N1CCC[C@H]1C(O)=O,RLAWWYSOJDYHDC-BZSNNMDCSA-N,C[C@H](N[C@@H](CCC1=CC=CC=C1)C(=O)O)C(=O)N1CCC[C@H]1C(C)(C)O,ENAMINE-REAL : Z6296880640,consensus,0.5384615384615384,enamine-real
NCCCC[C@H](N[C@@H](CCC1=CC=CC=C1)C(O)=O)C(=O)N1CCC[C@H]1C(O)=O,RLAWWYSOJDYHDC-BZSNNMDCSA-N,CC(C)(C)OC(=O)N[C@H](CCC1=CC=CC=C1)C(=O)N1CCCCCC1C(=O)O,ENAMINE-REAL : PV-008210244490,consensus,0.5373134328358209,enamine-real
NCCCC[C@H](N[C@@H](CCC1=CC=CC=C1)C(O)=O)C(=O)N1CCC[C@H]1C(O)=O,RLAWWYSOJDYHDC-BZSNNMDCSA-N,CC(C)(C)OC(=O)N[C@@H](CCC1=CC=CC=C1)C(=O)N1CCCCCC1C(=O)O,ENAMINE-REAL : PV-008210244491,consensus,0.5373134328358209,enamine-real
NCCCC[C@H](N[C@@H](CCC1=CC=CC=C1)C(O)=O)C(=O)N1CCC[C@H]1C(O)=O,RLAWWYSOJDYHDC-BZSNNMDCSA-N,N[C@H](CCC1=CC=CC=C1)CC(=O)N1CCC[C@@H]1C(=O)O,ENAMINE-REAL : Z3294083238,consensus,0.5333333333333333,enamine-real
NCCCC[C@H](N[C@@H](CCC1=CC=CC=C1)C(O)=O)C(=O)N1CCC[C@H]1C(O)=O,RLAWWYSOJDYHDC-BZSNNMDCSA-N,CCOC(=O)[C@H](CCc1ccccc1)N[C@@H](CCCCNC(=O)OCc1ccccc1)C(=O)N1CCC[C@H]1C(=O)OC,ZINC15 : ZINC000072130368,consensus,0.5333333333333333,zinc15
NCCCC[C@H](N[C@@H](CCC1=CC=CC=C1)C(O)=O)C(=O)N1CCC[C@H]1C(O)=O,RLAWWYSOJDYHDC-BZSNNMDCSA-N,N[C@@H](CCC1=CC=CC=C1)CC(=O)N1CCC[C@@H]1C(=O)O,ENAMINE-REAL : Z3294083306,consensus,0.5333333333333333,enamine-real
NCCCC[C@H](N[C@@H](CCC1=CC=CC=C1)C(O)=O)C(=O)N1CCC[C@H]1C(O)=O,RLAWWYSOJDYHDC-BZSNNMDCSA-N,C[C@H](N[C@@H](CCC1=CC=CC=C1)C(=O)O)C(=O)N1CCCC1C1CCCC1,ENAMINE-REAL : Z6293827484,consensus,0.53125,enamine-real
NCCCC[C@H](N[C@@H](CCC1=CC=CC=C1)C(O)=O)C(=O)N1CCC[C@H]1C(O)=O,RLAWWYSOJDYHDC-BZSNNMDCSA-N,C[C@H](N[C@@H](CCC1=CC=CC=C1)C(=O)O)C(=O)N1CCCC1C1CCC1,ENAMINE-REAL : Z6294230643,consensus,0.53125,enamine-real
NCCCC[C@H](N[C@@H](CCC1=CC=CC=C1)C(O)=O)C(=O)N1CCC[C@H]1C(O)=O,RLAWWYSOJDYHDC-BZSNNMDCSA-N,C[C@H](N[C@@H](CCC1=CC=CC=C1)C(=O)O)C(=O)N1CCCC1C(C)(C)C,ENAMINE-REAL : Z6294534071,consensus,0.53125,enamine-real
NCCCC[C@H](N[C@@H](CCC1=CC=CC=C1)C(O)=O)C(=O)N1CCC[C@H]1C(O)=O,RLAWWYSOJDYHDC-BZSNNMDCSA-N,NCC(CC1=CC=CC=C1)C(=O)N1CCC[C@@H]1C(=O)O,ENAMINE-REAL : Z1543256815,consensus,0.5254237288135594,enamine-real
NCCCC[C@H](N[C@@H](CCC1=CC=CC=C1)C(O)=O)C(=O)N1CCC[C@H]1C(O)=O,RLAWWYSOJDYHDC-BZSNNMDCSA-N,CCNC(CC1=CC=CC=C1)C(=O)N1CCC[C@@H]1C(=O)O,ENAMINE-REAL : Z3294083210,consensus,0.5245901639344263,enamine-real
NCCCC[C@H](N[C@@H](CCC1=CC=CC=C1)C(O)=O)C(=O)N1CCC[C@H]1C(O)=O,RLAWWYSOJDYHDC-BZSNNMDCSA-N,CCN[C@H](CC1=CC=CC=C1)C(=O)N1CCC[C@@H]1C(=O)O,ENAMINE-REAL : Z5592018316,consensus,0.5245901639344263,enamine-real
NCCCC[C@H](N[C@@H](CCC1=CC=CC=C1)C(O)=O)C(=O)N1CCC[C@H]1C(O)=O,RLAWWYSOJDYHDC-BZSNNMDCSA-N,CC(=O)N1CCC[C@@H]1C(=O)NC(CCCC1=CC=CC=C1)C(=O)O,ENAMINE-REAL : Z4574276037,consensus,0.5238095238095238,enamine-real
NCCCC[C@H](N[C@@H](CCC1=CC=CC=C1)C(O)=O)C(=O)N1CCC[C@H]1C(O)=O,RLAWWYSOJDYHDC-BZSNNMDCSA-N,CC(=O)N1CCC[C@H]1C(=O)NC(CCCC1=CC=CC=C1)C(=O)O,ENAMINE-REAL : Z4574277595,consensus,0.5238095238095238,enamine-real
NCCCC[C@H](N[C@@H](CCC1=CC=CC=C1)C(O)=O)C(=O)N1CCC[C@H]1C(O)=O,RLAWWYSOJDYHDC-BZSNNMDCSA-N,C[C@H](N[C@@H](CCC1=CC=CC=C1)C(=O)O)C(=O)N1CCC[C@H]1CF,ENAMINE-REAL : Z6296752675,consensus,0.5230769230769231,enamine-real
NCCCC[C@H](N[C@@H](CCC1=CC=CC=C1)C(O)=O)C(=O)N1CCC[C@H]1C(O)=O,RLAWWYSOJDYHDC-BZSNNMDCSA-N,C[C@H](N[C@H](CCc1ccccc1)C(=O)[O-])C(=O)N1CCC[C@H]1C(=O)[O-],ZINC15 : ZINC000001854211,consensus,0.5230769230769231,zinc15
NCCCC[C@H](N[C@@H](CCC1=CC=CC=C1)C(O)=O)C(=O)N1CCC[C@H]1C(O)=O,RLAWWYSOJDYHDC-BZSNNMDCSA-N,C[C@H](N[C@@H](CCc1ccccc1)C(=O)[O-])C(=O)N1CCC[C@H]1C(=O)[O-],ZINC15 : ZINC000003812851,consensus,0.5230769230769231,zinc15
NCCCC[C@H](N[C@@H](CCC1=CC=CC=C1)C(O)=O)C(=O)N1CCC[C@H]1C(O)=O,RLAWWYSOJDYHDC-BZSNNMDCSA-N,C[C@H](N[C@H](CCc1ccccc1)C(=O)[O-])C(=O)N1CCC[C@@H]1C(=O)[O-],ZINC15 : ZINC000002244016,consensus,0.5230769230769231,zinc15
NCCCC[C@H](N[C@@H](CCC1=CC=CC=C1)C(O)=O)C(=O)N1CCC[C@H]1C(O)=O,RLAWWYSOJDYHDC-BZSNNMDCSA-N,NC(=O)N[C@@H](CC1=CC=CC=C1)C(=O)N1CCCC[C@H]1C(=O)O,ENAMINE-REAL : PV-008053517758,consensus,0.5161290322580645,enamine-real
NCCCC[C@H](N[C@@H](CCC1=CC=CC=C1)C(O)=O)C(=O)N1CCC[C@H]1C(O)=O,RLAWWYSOJDYHDC-BZSNNMDCSA-N,NC(=O)N[C@@H](CC1=CC=CC=C1)C(=O)N1CCCC[C@@H]1C(=O)O,ENAMINE-REAL : PV-008053517757,consensus,0.5161290322580645,enamine-real
NCCCC[C@H](N[C@@H](CCC1=CC=CC=C1)C(O)=O)C(=O)N1CCC[C@H]1C(O)=O,RLAWWYSOJDYHDC-BZSNNMDCSA-N,NC(=O)N[C@@H](CC1=CC=CC=C1)C(=O)N1CCCCC1C(=O)O,ENAMINE-REAL : PV-008053517759,consensus,0.5161290322580645,enamine-real
NCCCC[C@H](N[C@@H](CCC1=CC=CC=C1)C(O)=O)C(=O)N1CCC[C@H]1C(O)=O,RLAWWYSOJDYHDC-BZSNNMDCSA-N,CC1CCCCN1C(=O)[C@H](C)N[C@@H](CCC1=CC=CC=C1)C(=O)O,ENAMINE-REAL : Z6293640617,consensus,0.515625,enamine-real
NCCCC[C@H](N[C@@H](CCC1=CC=CC=C1)C(O)=O)C(=O)N1CCC[C@H]1C(O)=O,RLAWWYSOJDYHDC-BZSNNMDCSA-N,C[C@H](N[C@@H](CCC1=CC=CC=C1)C(=O)O)C(=O)N1CCC[C@H]1C(F)(F)F,ENAMINE-REAL : Z6295970054,consensus,0.5151515151515151,enamine-real
NCCCC[C@H](N[C@@H](CCC1=CC=CC=C1)C(O)=O)C(=O)N1CCC[C@H]1C(O)=O,RLAWWYSOJDYHDC-BZSNNMDCSA-N,C#CC1CCCN1C(=O)[C@H](C)N[C@@H](CCC1=CC=CC=C1)C(=O)O,ENAMINE-REAL : Z6295856083,consensus,0.5151515151515151,enamine-real
NCCCC[C@H](N[C@@H](CCC1=CC=CC=C1)C(O)=O)C(=O)N1CCC[C@H]1C(O)=O,RLAWWYSOJDYHDC-BZSNNMDCSA-N,CNC(CC1=CC=CC=C1)C(=O)N1CCCC[C@@H]1C(=O)O,ENAMINE-REAL : Z3294113196,consensus,0.5081967213114754,enamine-real
NCCCC[C@H](N[C@@H](CCC1=CC=CC=C1)C(O)=O)C(=O)N1CCC[C@H]1C(O)=O,RLAWWYSOJDYHDC-BZSNNMDCSA-N,CNC(CC1=CC=CC=C1)C(=O)N1CCCC[C@H]1C(=O)O,ENAMINE-REAL : Z3294113443,consensus,0.5081967213114754,enamine-real
NCCCC[C@H](N[C@@H](CCC1=CC=CC=C1)C(O)=O)C(=O)N1CCC[C@H]1C(O)=O,RLAWWYSOJDYHDC-BZSNNMDCSA-N,CNC(CC1=CC=CC=C1)C(=O)N1CCCCC1C(=O)O,ENAMINE-REAL : Z3294088395,consensus,0.5081967213114754,enamine-real
NCCCC[C@H](N[C@@H](CCC1=CC=CC=C1)C(O)=O)C(=O)N1CCC[C@H]1C(O)=O,RLAWWYSOJDYHDC-BZSNNMDCSA-N,NC(=O)N[C@@H](CC1=CC=CC=C1)C(=O)N1CCCCCC1C(=O)O,ENAMINE-REAL : PV-007798013497,consensus,0.5079365079365079,enamine-real
NCCCC[C@H](N[C@@H](CCC1=CC=CC=C1)C(O)=O)C(=O)N1CCC[C@H]1C(O)=O,RLAWWYSOJDYHDC-BZSNNMDCSA-N,NC(=O)N[C@@H](CC1=CC=CC=C1)C(=O)N1CCCCCCC1C(=O)O,ENAMINE-REAL : PV-007183788920,consensus,0.5079365079365079,enamine-real
NCCCC[C@H](N[C@@H](CCC1=CC=CC=C1)C(O)=O)C(=O)N1CCC[C@H]1C(O)=O,RLAWWYSOJDYHDC-BZSNNMDCSA-N,O=C(N[C@@H](CCC1=CC=CC=C1)C(=O)O)C1CCCN1C(=O)C(F)(F)F,ENAMINE-REAL : PV-007530020155,consensus,0.5076923076923077,enamine-real
NCCCC[C@H](N[C@@H](CCC1=CC=CC=C1)C(O)=O)C(=O)N1CCC[C@H]1C(O)=O,RLAWWYSOJDYHDC-BZSNNMDCSA-N,O=C(N[C@H](CCC1=CC=CC=C1)C(=O)O)C1CCCN1C(=O)C(F)(F)F,ENAMINE-REAL : PV-007530020154,consensus,0.5076923076923077,enamine-real
NCCCC[C@H](N[C@@H](CCC1=CC=CC=C1)C(O)=O)C(=O)N1CCC[C@H]1C(O)=O,RLAWWYSOJDYHDC-BZSNNMDCSA-N,CC(C)C1CCCCN1C(=O)[C@H](C)N[C@@H](CCC1=CC=CC=C1)C(=O)O,ENAMINE-REAL : Z6294012789,consensus,0.5076923076923077,enamine-real
NCCCC[C@H](N[C@@H](CCC1=CC=CC=C1)C(O)=O)C(=O)N1CCC[C@H]1C(O)=O,RLAWWYSOJDYHDC-BZSNNMDCSA-N,C[C@H](N[C@@H](CCC1=CC=CC=C1)C(=O)O)C(=O)N1CCCCC1C1CC1,ENAMINE-REAL : Z6296619914,consensus,0.5076923076923077,enamine-real
NCCCC[C@H](N[C@@H](CCC1=CC=CC=C1)C(O)=O)C(=O)N1CCC[C@H]1C(O)=O,RLAWWYSOJDYHDC-BZSNNMDCSA-N,C[C@H](N[C@@H](CCC1=CC=CC=C1)C(=O)O)C(=O)N1CCCC1CN1CCCC1,ENAMINE-REAL : Z6295376790,consensus,0.5074626865671642,enamine-real
NCCCC[C@H](N[C@@H](CCC1=CC=CC=C1)C(O)=O)C(=O)N1CCC[C@H]1C(O)=O,RLAWWYSOJDYHDC-BZSNNMDCSA-N,C[C@H](N[C@@H](CCC1=CC=CC=C1)C(=O)O)C(=O)N1CCCC1C1(C)CC1,ENAMINE-REAL : Z6296728145,consensus,0.5074626865671642,enamine-real
NCCCC[C@H](N[C@@H](CCC1=CC=CC=C1)C(O)=O)C(=O)N1CCC[C@H]1C(O)=O,RLAWWYSOJDYHDC-BZSNNMDCSA-N,NC(CCC1=CC=NC=C1)C(=O)N1CCC[C@@H]1C(=O)O,ENAMINE-REAL : PV-002731071213,consensus,0.5,enamine-real
NCCCC[C@H](N[C@@H](CCC1=CC=CC=C1)C(O)=O)C(=O)N1CCC[C@H]1C(O)=O,RLAWWYSOJDYHDC-BZSNNMDCSA-N,C[C@H](N[C@@H](CCC1=CC=CC=C1)C(=O)O)C(=O)N1CCCC1C(C)(C)CO,ENAMINE-REAL : Z6296274939,consensus,0.5,enamine-real
NCCCC[C@H](N[C@@H](CCC1=CC=CC=C1)C(O)=O)C(=O)N1CCC[C@H]1C(O)=O,RLAWWYSOJDYHDC-BZSNNMDCSA-N,C[C@H](N[C@@H](CCC1=CC=CC=C1)C(=O)O)C(=O)N1CCCC1C1CCOCC1,ENAMINE-REAL : Z6294573096,consensus,0.5,enamine-real
NCCCC[C@H](N[C@@H](CCC1=CC=CC=C1)C(O)=O)C(=O)N1CCC[C@H]1C(O)=O,RLAWWYSOJDYHDC-BZSNNMDCSA-N,C[C@H](N[C@@H](CCC1=CC=CC=C1)C(=O)O)C(=O)N1CCCCC1C1CCC1,ENAMINE-REAL : Z6294689181,consensus,0.5,enamine-real
NCCCC[C@H](N[C@@H](CCC1=CC=CC=C1)C(O)=O)C(=O)N1CCC[C@H]1C(O)=O,RLAWWYSOJDYHDC-BZSNNMDCSA-N,CCCC(=O)N1CCCC1C(=O)N[C@H](CCC1=CC=CC=C1)C(=O)O,ENAMINE-REAL : Z4322888650,consensus,0.5,enamine-real
NCCCC[C@H](N[C@@H](CCC1=CC=CC=C1)C(O)=O)C(=O)N1CCC[C@H]1C(O)=O,RLAWWYSOJDYHDC-BZSNNMDCSA-N,CCOC(=O)[C@H](CCc1ccccc1)N[C@@H](C)C(=O)N1CCC[C@H]1C(=O)[O-],ZINC15 : ZINC000003791297,consensus,0.4927536231884058,zinc15
NCCCC[C@H](N[C@@H](CCC1=CC=CC=C1)C(O)=O)C(=O)N1CCC[C@H]1C(O)=O,RLAWWYSOJDYHDC-BZSNNMDCSA-N,CCOC(=O)[C@@H](CCc1ccccc1)N[C@H](C)C(=O)N1CCC[C@@H]1C(=O)[O-],ZINC15 : ZINC000003830749,consensus,0.4927536231884058,zinc15
NCCCC[C@H](N[C@@H](CCC1=CC=CC=C1)C(O)=O)C(=O)N1CCC[C@H]1C(O)=O,RLAWWYSOJDYHDC-BZSNNMDCSA-N,CCOC(=O)[C@@H](CCc1ccccc1)N[C@H](C)C(=O)N1CCC[C@H]1C(=O)[O-],ZINC15 : ZINC000005650621,consensus,0.4927536231884058,zinc15
NCCCC[C@H](N[C@@H](CCC1=CC=CC=C1)C(O)=O)C(=O)N1CCC[C@H]1C(O)=O,RLAWWYSOJDYHDC-BZSNNMDCSA-N,CCOC(=O)[C@H](CCc1ccccc1)N[C@H](C)C(=O)N1CCC[C@@H]1C(=O)[O-],ZINC15 : ZINC000003830750,consensus,0.4927536231884058,zinc15
NCCCC[C@H](N[C@@H](CCC1=CC=CC=C1)C(O)=O)C(=O)N1CCC[C@H]1C(O)=O,RLAWWYSOJDYHDC-BZSNNMDCSA-N,CCOC(=O)[C@@H](CCc1ccccc1)N[C@@H](C)C(=O)N1CCC[C@H]1C(=O)[O-],ZINC15 : ZINC000012503119,consensus,0.4927536231884058,zinc15
NCCCC[C@H](N[C@@H](CCC1=CC=CC=C1)C(O)=O)C(=O)N1CCC[C@H]1C(O)=O,RLAWWYSOJDYHDC-BZSNNMDCSA-N,CCOC(=O)[C@H](CCc1ccccc1)N[C@H](C)C(=O)N1CCC[C@H]1C(=O)[O-],ZINC15 : ZINC000003957109,consensus,0.4927536231884058,zinc15
NCCCC[C@H](N[C@@H](CCC1=CC=CC=C1)C(O)=O)C(=O)N1CCC[C@H]1C(O)=O,RLAWWYSOJDYHDC-BZSNNMDCSA-N,CCOC(=O)[C@@H](CCc1ccccc1)N[C@@H](C)C(=O)N1CCC[C@@H]1C(=O)[O-],ZINC15 : ZINC000003830748,consensus,0.4927536231884058,zinc15
NCCCC[C@H](N[C@@H](CCC1=CC=CC=C1)C(O)=O)C(=O)N1CCC[C@H]1C(O)=O,RLAWWYSOJDYHDC-BZSNNMDCSA-N,CCOC(=O)[C@H](CCc1ccccc1)N[C@@H](C)C(=O)N1CCC[C@@H]1C(=O)[O-],ZINC15 : ZINC000003814199,consensus,0.4927536231884058,zinc15
NCCCC[C@H](N[C@@H](CCC1=CC=CC=C1)C(O)=O)C(=O)N1CCC[C@H]1C(O)=O,RLAWWYSOJDYHDC-BZSNNMDCSA-N,C[C@H](N[C@@H](CCC1=CC=CC=C1)C(=O)O)C(=O)N1CCN2CCCC2C1,ENAMINE-REAL : Z6295459177,consensus,0.4925373134328358,enamine-real
NCCCC[C@H](N[C@@H](CCC1=CC=CC=C1)C(O)=O)C(=O)N1CCC[C@H]1C(O)=O,RLAWWYSOJDYHDC-BZSNNMDCSA-N,C[C@H](N[C@@H](CCC1=CC=CC=C1)C(=O)O)C(=O)N1CCCCC1CF,ENAMINE-REAL : Z6296702313,consensus,0.4925373134328358,enamine-real
NCCCC[C@H](N[C@@H](CCC1=CC=CC=C1)C(O)=O)C(=O)N1CCC[C@H]1C(O)=O,RLAWWYSOJDYHDC-BZSNNMDCSA-N,C[C@H](N[C@@H](CCC1=CC=CC=C1)C(=O)O)C(=O)N1CCCC(N2CCC2)C1,ENAMINE-REAL : Z6297198262,consensus,0.4925373134328358,enamine-real
NCCCC[C@H](N[C@@H](CCC1=CC=CC=C1)C(O)=O)C(=O)N1CCC[C@H]1C(O)=O,RLAWWYSOJDYHDC-BZSNNMDCSA-N,C[C@H](N[C@@H](CCC1=CC=CC=C1)C(=O)O)C(=O)N1CCCC(N2CCCC2)C1,ENAMINE-REAL : Z6295312525,consensus,0.4925373134328358,enamine-real
NCCCC[C@H](N[C@@H](CCC1=CC=CC=C1)C(O)=O)C(=O)N1CCC[C@H]1C(O)=O,RLAWWYSOJDYHDC-BZSNNMDCSA-N,C[C@H](N[C@@H](CCC1=CC=CC=C1)C(=O)O)C(=O)N1CCN2CCC[C@@H]2C1,ENAMINE-REAL : Z6297174238,consensus,0.4925373134328358,enamine-real
NCCCC[C@H](N[C@@H](CCC1=CC=CC=C1)C(O)=O)C(=O)N1CCC[C@H]1C(O)=O,RLAWWYSOJDYHDC-BZSNNMDCSA-N,C[C@H](N[C@@H](CCC1=CC=CC=C1)C(=O)O)C(=O)N1CCCN2CCCC2C1,ENAMINE-REAL : Z6295391625,consensus,0.4925373134328358,enamine-real
NCCCC[C@H](N[C@@H](CCC1=CC=CC=C1)C(O)=O)C(=O)N1CCC[C@H]1C(O)=O,RLAWWYSOJDYHDC-BZSNNMDCSA-N,C[C@H](N[C@@H](CCC1=CC=CC=C1)C(=O)O)C(=O)N1CCCCC1C(F)F,ENAMINE-REAL : Z6294930947,consensus,0.4925373134328358,enamine-real
NCCCC[C@H](N[C@@H](CCC1=CC=CC=C1)C(O)=O)C(=O)N1CCC[C@H]1C(O)=O,RLAWWYSOJDYHDC-BZSNNMDCSA-N,C[C@H](N[C@@H](CCC1=CC=CC=C1)C(=O)O)C(=O)N1CCCC(O)C1,ENAMINE-REAL : Z6295222173,consensus,0.49230769230769234,enamine-real
NCCCC[C@H](N[C@@H](CCC1=CC=CC=C1)C(O)=O)C(=O)N1CCC[C@H]1C(O)=O,RLAWWYSOJDYHDC-BZSNNMDCSA-N,C[C@H](N[C@@H](CCC1=CC=CC=C1)C(=O)O)C(=O)N1CCC[C@H](O)C1,ENAMINE-REAL : Z6295492976,consensus,0.49230769230769234,enamine-real
NCCCC[C@H](N[C@@H](CCC1=CC=CC=C1)C(O)=O)C(=O)N1CCC[C@H]1C(O)=O,RLAWWYSOJDYHDC-BZSNNMDCSA-N,CCN[C@H](CC1=CC=CC=C1)C(=O)N1CCCC[C@H]1C(=O)O,ENAMINE-REAL : Z5592020450,consensus,0.49206349206349204,enamine-real
NCCCC[C@H](N[C@@H](CCC1=CC=CC=C1)C(O)=O)C(=O)N1CCC[C@H]1C(O)=O,RLAWWYSOJDYHDC-BZSNNMDCSA-N,CCN[C@H](CC1=CC=CC=C1)C(=O)N1CCCC[C@@H]1C(=O)O,ENAMINE-REAL : Z5592020432,consensus,0.49206349206349204,enamine-real
NCCCC[C@H](N[C@@H](CCC1=CC=CC=C1)C(O)=O)C(=O)N1CCC[C@H]1C(O)=O,RLAWWYSOJDYHDC-BZSNNMDCSA-N,CCNC(CC1=CC=CC=C1)C(=O)N1CCCCC1C(=O)O,ENAMINE-REAL : Z3294088400,consensus,0.49206349206349204,enamine-real
NCCCC[C@H](N[C@@H](CCC1=CC=CC=C1)C(O)=O)C(=O)N1CCC[C@H]1C(O)=O,RLAWWYSOJDYHDC-BZSNNMDCSA-N,CCN[C@H](CC1=CC=CC=C1)C(=O)N1CCCCC1C(=O)O,ENAMINE-REAL : Z5592018730,consensus,0.49206349206349204,enamine-real
NCCCC[C@H](N[C@@H](CCC1=CC=CC=C1)C(O)=O)C(=O)N1CCC[C@H]1C(O)=O,RLAWWYSOJDYHDC-BZSNNMDCSA-N,CCNC(CC1=CC=CC=C1)C(=O)N1CCCC[C@H]1C(=O)O,ENAMINE-REAL : Z3294113452,consensus,0.49206349206349204,enamine-real
NCCCC[C@H](N[C@@H](CCC1=CC=CC=C1)C(O)=O)C(=O)N1CCC[C@H]1C(O)=O,RLAWWYSOJDYHDC-BZSNNMDCSA-N,CCNC(CC1=CC=CC=C1)C(=O)N1CCCC[C@@H]1C(=O)O,ENAMINE-REAL : Z3294113204,consensus,0.49206349206349204,enamine-real
NCCCC[C@H](N[C@@H](CCC1=CC=CC=C1)C(O)=O)C(=O)N1CCC[C@H]1C(O)=O,RLAWWYSOJDYHDC-BZSNNMDCSA-N,NCC(CC1=CC=CC=C1)C(=O)N1CCCC[C@@H]1C(=O)O,ENAMINE-REAL : Z1543519131,consensus,0.4918032786885246,enamine-real
NCCCC[C@H](N[C@@H](CCC1=CC=CC=C1)C(O)=O)C(=O)N1CCC[C@H]1C(O)=O,RLAWWYSOJDYHDC-BZSNNMDCSA-N,NCC(CC1=CC=CC=C1)C(=O)N1CCCC[C@H]1C(=O)O,ENAMINE-REAL : Z1543520030,consensus,0.4918032786885246,enamine-real
NCCCC[C@H](N[C@@H](CCC1=CC=CC=C1)C(O)=O)C(=O)N1CCC[C@H]1C(O)=O,RLAWWYSOJDYHDC-BZSNNMDCSA-N,NCC(CC1=CC=CC=C1)C(=O)N1CCCCC1C(=O)O,ENAMINE-REAL : Z1543511013,consensus,0.4918032786885246,enamine-real
NCCCC[C@H](N[C@@H](CCC1=CC=CC=C1)C(O)=O)C(=O)N1CCC[C@H]1C(O)=O,RLAWWYSOJDYHDC-BZSNNMDCSA-N,NC(=O)CC[C@H](NC(=O)CCCc1ccccc1)C(=O)N1CCC[C@@H]1C(=O)[O-],ZINC15 : ZINC001605627748,consensus,0.4857142857142857,zinc15
NCCCC[C@H](N[C@@H](CCC1=CC=CC=C1)C(O)=O)C(=O)N1CCC[C@H]1C(O)=O,RLAWWYSOJDYHDC-BZSNNMDCSA-N,NC(=O)CC[C@H](NC(=O)CCCc1ccccc1)C(=O)N1CCC[C@H]1C(=O)[O-],ZINC15 : ZINC001605627746,consensus,0.4857142857142857,zinc15
NCCCC[C@H](N[C@@H](CCC1=CC=CC=C1)C(O)=O)C(=O)N1CCC[C@H]1C(O)=O,RLAWWYSOJDYHDC-BZSNNMDCSA-N,NC(=O)CC[C@@H](NC(=O)CCCc1ccccc1)C(=O)N1CCC[C@H]1C(=O)[O-],ZINC15 : ZINC001605627745,consensus,0.4857142857142857,zinc15
NCCCC[C@H](N[C@@H](CCC1=CC=CC=C1)C(O)=O)C(=O)N1CCC[C@H]1C(O)=O,RLAWWYSOJDYHDC-BZSNNMDCSA-N,NC(=O)CC[C@@H](NC(=O)CCCc1ccccc1)C(=O)N1CCC[C@@H]1C(=O)[O-],ZINC15 : ZINC001605627747,consensus,0.4857142857142857,zinc15
NCCCC[C@H](N[C@@H](CCC1=CC=CC=C1)C(O)=O)C(=O)N1CCC[C@H]1C(O)=O,RLAWWYSOJDYHDC-BZSNNMDCSA-N,C[C@H](N[C@@H](CCC1=CC=CC=C1)C(=O)O)C(=O)N1CCCC1C1=CC=CO1,ENAMINE-REAL : Z6294238104,consensus,0.4857142857142857,enamine-real
NCCCC[C@H](N[C@@H](CCC1=CC=CC=C1)C(O)=O)C(=O)N1CCC[C@H]1C(O)=O,RLAWWYSOJDYHDC-BZSNNMDCSA-N,C[C@H](N[C@@H](CCC1=CC=CC=C1)C(=O)O)C(=O)N1CCCC1C1=CC=CS1,ENAMINE-REAL : Z6293654226,consensus,0.4857142857142857,enamine-real
NCCCC[C@H](N[C@@H](CCC1=CC=CC=C1)C(O)=O)C(=O)N1CCC[C@H]1C(O)=O,RLAWWYSOJDYHDC-BZSNNMDCSA-N,N[C@@H](CCC1=CC=CC=C1)C(=O)N1CCC[C@@H]1C(=O)O,ENAMINE-REAL : Z3294083127,morgan,0.6071428571428571,enamine-real
NCCCC[C@H](N[C@@H](CCC1=CC=CC=C1)C(O)=O)C(=O)N1CCC[C@H]1C(O)=O,RLAWWYSOJDYHDC-BZSNNMDCSA-N,N[C@H](CCC1=CC=CC=C1)C(=O)N1CCC[C@@H]1C(=O)O,ENAMINE-REAL : Z3294083233,morgan,0.6071428571428571,enamine-real
NCCCC[C@H](N[C@@H](CCC1=CC=CC=C1)C(O)=O)C(=O)N1CCC[C@H]1C(O)=O,RLAWWYSOJDYHDC-BZSNNMDCSA-N,N[C@H](CCC1=CC=CC=C1)C(=O)N1CCCC[C@H]1C(=O)O,ENAMINE-REAL : Z3294113509,morgan,0.5689655172413793,enamine-real
NCCCC[C@H](N[C@@H](CCC1=CC=CC=C1)C(O)=O)C(=O)N1CCC[C@H]1C(O)=O,RLAWWYSOJDYHDC-BZSNNMDCSA-N,N[C@@H](CCC1=CC=CC=C1)C(=O)N1CCCC[C@H]1C(=O)O,ENAMINE-REAL : Z3294113507,morgan,0.5689655172413793,enamine-real
NCCCC[C@H](N[C@@H](CCC1=CC=CC=C1)C(O)=O)C(=O)N1CCC[C@H]1C(O)=O,RLAWWYSOJDYHDC-BZSNNMDCSA-N,N[C@H](CCC1=CC=CC=C1)C(=O)N1CCCC[C@@H]1C(=O)O,ENAMINE-REAL : Z3294113175,morgan,0.5689655172413793,enamine-real
NCCCC[C@H](N[C@@H](CCC1=CC=CC=C1)C(O)=O)C(=O)N1CCC[C@H]1C(O)=O,RLAWWYSOJDYHDC-BZSNNMDCSA-N,N[C@H](CCC1=CC=CC=C1)C(=O)N1CCCCC1C(=O)O,ENAMINE-REAL : Z3294088411,morgan,0.5689655172413793,enamine-real
NCCCC[C@H](N[C@@H](CCC1=CC=CC=C1)C(O)=O)C(=O)N1CCC[C@H]1C(O)=O,RLAWWYSOJDYHDC-BZSNNMDCSA-N,N[C@@H](CCC1=CC=CC=C1)C(=O)N1CCCC[C@@H]1C(=O)O,ENAMINE-REAL : Z3294113173,morgan,0.5689655172413793,enamine-real
NCCCC[C@H](N[C@@H](CCC1=CC=CC=C1)C(O)=O)C(=O)N1CCC[C@H]1C(O)=O,RLAWWYSOJDYHDC-BZSNNMDCSA-N,N[C@@H](CCC1=CC=CC=C1)C(=O)N1CCCCC1C(=O)O,ENAMINE-REAL : Z3294088341,morgan,0.5689655172413793,enamine-real
NCCCC[C@H](N[C@@H](CCC1=CC=CC=C1)C(O)=O)C(=O)N1CCC[C@H]1C(O)=O,RLAWWYSOJDYHDC-BZSNNMDCSA-N,CC(=O)N[C@H](CCc1ccccc1)C(=O)N1CCC[C@H]1C(C)=O,ZINC15 : ZINC001182770985,morgan,0.5573770491803278,zinc15
NCCCC[C@H](N[C@@H](CCC1=CC=CC=C1)C(O)=O)C(=O)N1CCC[C@H]1C(O)=O,RLAWWYSOJDYHDC-BZSNNMDCSA-N,NC(=O)N[C@@H](CC1=CC=CC=C1)C(=O)N1CCC[C@H]1C(=O)O,ENAMINE-REAL : PV-007811704770,morgan,0.55,enamine-real
NCCCC[C@H](N[C@@H](CCC1=CC=CC=C1)C(O)=O)C(=O)N1CCC[C@H]1C(O)=O,RLAWWYSOJDYHDC-BZSNNMDCSA-N,NC(=O)N[C@@H](CC1=CC=CC=C1)C(=O)N1CCC[C@@H]1C(=O)O,ENAMINE-REAL : PV-007811704768,morgan,0.55,enamine-real
NCCCC[C@H](N[C@@H](CCC1=CC=CC=C1)C(O)=O)C(=O)N1CCC[C@H]1C(O)=O,RLAWWYSOJDYHDC-BZSNNMDCSA-N,NC(=O)N[C@@H](CC1=CC=CC=C1)C(=O)N1CCCC1C(=O)O,ENAMINE-REAL : PV-007811704769,morgan,0.55,enamine-real
NCCCC[C@H](N[C@@H](CCC1=CC=CC=C1)C(O)=O)C(=O)N1CCC[C@H]1C(O)=O,RLAWWYSOJDYHDC-BZSNNMDCSA-N,CNC(CC1=CC=CC=C1)C(=O)N1CCC[C@@H]1C(=O)O,ENAMINE-REAL : Z3294083208,morgan,0.5423728813559322,enamine-real
NCCCC[C@H](N[C@@H](CCC1=CC=CC=C1)C(O)=O)C(=O)N1CCC[C@H]1C(O)=O,RLAWWYSOJDYHDC-BZSNNMDCSA-N,C[C@H](N[C@@H](CCC1=CC=CC=C1)C(=O)O)C(=O)N1CCC[C@H]1C(C)(C)O,ENAMINE-REAL : Z6296880640,morgan,0.5384615384615384,enamine-real
NCCCC[C@H](N[C@@H](CCC1=CC=CC=C1)C(O)=O)C(=O)N1CCC[C@H]1C(O)=O,RLAWWYSOJDYHDC-BZSNNMDCSA-N,C[C@H](N[C@@H](CCC1=CC=CC=C1)C(=O)O)C(=O)N1CCCC1C(C)(C)O,ENAMINE-REAL : Z6295547878,morgan,0.5384615384615384,enamine-real
NCCCC[C@H](N[C@@H](CCC1=CC=CC=C1)C(O)=O)C(=O)N1CCC[C@H]1C(O)=O,RLAWWYSOJDYHDC-BZSNNMDCSA-N,C[C@H](N[C@@H](CCC1=CC=CC=C1)C(=O)O)C(=O)N1CCC[C@@H]1C(C)(C)O,ENAMINE-REAL : Z6296292809,morgan,0.5384615384615384,enamine-real
NCCCC[C@H](N[C@@H](CCC1=CC=CC=C1)C(O)=O)C(=O)N1CCC[C@H]1C(O)=O,RLAWWYSOJDYHDC-BZSNNMDCSA-N,CC(C)(C)OC(=O)N[C@H](CCC1=CC=CC=C1)C(=O)N1CCCCCC1C(=O)O,ENAMINE-REAL : PV-008210244490,morgan,0.5373134328358209,enamine-real
NCCCC[C@H](N[C@@H](CCC1=CC=CC=C1)C(O)=O)C(=O)N1CCC[C@H]1C(O)=O,RLAWWYSOJDYHDC-BZSNNMDCSA-N,CC(C)(C)OC(=O)N[C@@H](CCC1=CC=CC=C1)C(=O)N1CCCCCC1C(=O)O,ENAMINE-REAL : PV-008210244491,morgan,0.5373134328358209,enamine-real
NCCCC[C@H](N[C@@H](CCC1=CC=CC=C1)C(O)=O)C(=O)N1CCC[C@H]1C(O)=O,RLAWWYSOJDYHDC-BZSNNMDCSA-N,CCOC(=O)[C@H](CCc1ccccc1)N[C@@H](CCCCNC(=O)OCc1ccccc1)C(=O)N1CCC[C@H]1C(=O)OC,ZINC15 : ZINC000072130368,morgan,0.5333333333333333,zinc15
NCCCC[C@H](N[C@@H](CCC1=CC=CC=C1)C(O)=O)C(=O)N1CCC[C@H]1C(O)=O,RLAWWYSOJDYHDC-BZSNNMDCSA-N,N[C@H](CCC1=CC=CC=C1)CC(=O)N1CCC[C@@H]1C(=O)O,ENAMINE-REAL : Z3294083238,morgan,0.5333333333333333,enamine-real
NCCCC[C@H](N[C@@H](CCC1=CC=CC=C1)C(O)=O)C(=O)N1CCC[C@H]1C(O)=O,RLAWWYSOJDYHDC-BZSNNMDCSA-N,N[C@@H](CCC1=CC=CC=C1)CC(=O)N1CCC[C@@H]1C(=O)O,ENAMINE-REAL : Z3294083306,morgan,0.5333333333333333,enamine-real
NCCCC[C@H](N[C@@H](CCC1=CC=CC=C1)C(O)=O)C(=O)N1CCC[C@H]1C(O)=O,RLAWWYSOJDYHDC-BZSNNMDCSA-N,NCC(CC1=CC=CC=C1)C(=O)N1CCC[C@@H]1C(=O)O,ENAMINE-REAL : Z1543256815,morgan,0.5254237288135594,enamine-real
NCCCC[C@H](N[C@@H](CCC1=CC=CC=C1)C(O)=O)C(=O)N1CCC[C@H]1C(O)=O,RLAWWYSOJDYHDC-BZSNNMDCSA-N,CCNC(CC1=CC=CC=C1)C(=O)N1CCC[C@@H]1C(=O)O,ENAMINE-REAL : Z3294083210,morgan,0.5245901639344263,enamine-real
NCCCC[C@H](N[C@@H](CCC1=CC=CC=C1)C(O)=O)C(=O)N1CCC[C@H]1C(O)=O,RLAWWYSOJDYHDC-BZSNNMDCSA-N,CCN[C@H](CC1=CC=CC=C1)C(=O)N1CCC[C@@H]1C(=O)O,ENAMINE-REAL : Z5592018316,morgan,0.5245901639344263,enamine-real
NCCCC[C@H](N[C@@H](CCC1=CC=CC=C1)C(O)=O)C(=O)N1CCC[C@H]1C(O)=O,RLAWWYSOJDYHDC-BZSNNMDCSA-N,CC(=O)N1CCC[C@H]1C(=O)NC(CCCC1=CC=CC=C1)C(=O)O,ENAMINE-REAL : Z4574277595,morgan,0.5238095238095238,enamine-real
NCCCC[C@H](N[C@@H](CCC1=CC=CC=C1)C(O)=O)C(=O)N1CCC[C@H]1C(O)=O,RLAWWYSOJDYHDC-BZSNNMDCSA-N,CC(=O)N1CCC[C@@H]1C(=O)NC(CCCC1=CC=CC=C1)C(=O)O,ENAMINE-REAL : Z4574276037,morgan,0.5238095238095238,enamine-real
NCCCC[C@H](N[C@@H](CCC1=CC=CC=C1)C(O)=O)C(=O)N1CCC[C@H]1C(O)=O,RLAWWYSOJDYHDC-BZSNNMDCSA-N,C[C@H](N[C@H](CCc1ccccc1)C(=O)[O-])C(=O)N1CCC[C@@H]1C(=O)[O-],ZINC15 : ZINC000002244016,morgan,0.5230769230769231,zinc15
NCCCC[C@H](N[C@@H](CCC1=CC=CC=C1)C(O)=O)C(=O)N1CCC[C@H]1C(O)=O,RLAWWYSOJDYHDC-BZSNNMDCSA-N,C[C@H](N[C@@H](CCc1ccccc1)C(=O)[O-])C(=O)N1CCC[C@H]1C(=O)[O-],ZINC15 : ZINC000003812851,morgan,0.5230769230769231,zinc15
NCCCC[C@H](N[C@@H](CCC1=CC=CC=C1)C(O)=O)C(=O)N1CCC[C@H]1C(O)=O,RLAWWYSOJDYHDC-BZSNNMDCSA-N,C[C@H](N[C@H](CCc1ccccc1)C(=O)[O-])C(=O)N1CCC[C@H]1C(=O)[O-],ZINC15 : ZINC000001854211,morgan,0.5230769230769231,zinc15
NCCCC[C@H](N[C@@H](CCC1=CC=CC=C1)C(O)=O)C(=O)N1CCC[C@H]1C(O)=O,RLAWWYSOJDYHDC-BZSNNMDCSA-N,NC(=O)N[C@@H](CC1=CC=CC=C1)C(=O)N1CCCC[C@H]1C(=O)O,ENAMINE-REAL : PV-008053517758,morgan,0.5161290322580645,enamine-real
NCCCC[C@H](N[C@@H](CCC1=CC=CC=C1)C(O)=O)C(=O)N1CCC[C@H]1C(O)=O,RLAWWYSOJDYHDC-BZSNNMDCSA-N,NC(=O)N[C@@H](CC1=CC=CC=C1)C(=O)N1CCCCC1C(=O)O,ENAMINE-REAL : PV-008053517759,morgan,0.5161290322580645,enamine-real
NCCCC[C@H](N[C@@H](CCC1=CC=CC=C1)C(O)=O)C(=O)N1CCC[C@H]1C(O)=O,RLAWWYSOJDYHDC-BZSNNMDCSA-N,NC(=O)N[C@@H](CC1=CC=CC=C1)C(=O)N1CCCC[C@@H]1C(=O)O,ENAMINE-REAL : PV-008053517757,morgan,0.5161290322580645,enamine-real
NCCCC[C@H](N[C@@H](CCC1=CC=CC=C1)C(O)=O)C(=O)N1CCC[C@H]1C(O)=O,RLAWWYSOJDYHDC-BZSNNMDCSA-N,C[C@H](N[C@@H](CCC1=CC=CC=C1)C(=O)O)C(=O)N1CCC[C@H]1C(F)(F)F,ENAMINE-REAL : Z6295970054,morgan,0.5151515151515151,enamine-real
NCCCC[C@H](N[C@@H](CCC1=CC=CC=C1)C(O)=O)C(=O)N1CCC[C@H]1C(O)=O,RLAWWYSOJDYHDC-BZSNNMDCSA-N,CNC(CC1=CC=CC=C1)C(=O)N1CCCC[C@@H]1C(=O)O,ENAMINE-REAL : Z3294113196,morgan,0.5081967213114754,enamine-real
NCCCC[C@H](N[C@@H](CCC1=CC=CC=C1)C(O)=O)C(=O)N1CCC[C@H]1C(O)=O,RLAWWYSOJDYHDC-BZSNNMDCSA-N,CNC(CC1=CC=CC=C1)C(=O)N1CCCCC1C(=O)O,ENAMINE-REAL : Z3294088395,morgan,0.5081967213114754,enamine-real
NCCCC[C@H](N[C@@H](CCC1=CC=CC=C1)C(O)=O)C(=O)N1CCC[C@H]1C(O)=O,RLAWWYSOJDYHDC-BZSNNMDCSA-N,CNC(CC1=CC=CC=C1)C(=O)N1CCCC[C@H]1C(=O)O,ENAMINE-REAL : Z3294113443,morgan,0.5081967213114754,enamine-real
NCCCC[C@H](N[C@@H](CCC1=CC=CC=C1)C(O)=O)C(=O)N1CCC[C@H]1C(O)=O,RLAWWYSOJDYHDC-BZSNNMDCSA-N,NC(=O)N[C@@H](CC1=CC=CC=C1)C(=O)N1CCCCCCC1C(=O)O,ENAMINE-REAL : PV-007183788920,morgan,0.5079365079365079,enamine-real
NCCCC[C@H](N[C@@H](CCC1=CC=CC=C1)C(O)=O)C(=O)N1CCC[C@H]1C(O)=O,RLAWWYSOJDYHDC-BZSNNMDCSA-N,NC(=O)N[C@@H](CC1=CC=CC=C1)C(=O)N1CCCCCC1C(=O)O,ENAMINE-REAL : PV-007798013497,morgan,0.5079365079365079,enamine-real
NCCCC[C@H](N[C@@H](CCC1=CC=CC=C1)C(O)=O)C(=O)N1CCC[C@H]1C(O)=O,RLAWWYSOJDYHDC-BZSNNMDCSA-N,O=C(N[C@H](CCC1=CC=CC=C1)C(=O)O)C1CCCN1C(=O)C(F)(F)F,ENAMINE-REAL : PV-007530020154,morgan,0.5076923076923077,enamine-real
NCCCC[C@H](N[C@@H](CCC1=CC=CC=C1)C(O)=O)C(=O)N1CCC[C@H]1C(O)=O,RLAWWYSOJDYHDC-BZSNNMDCSA-N,O=C(N[C@@H](CCC1=CC=CC=C1)C(=O)O)C1CCCN1C(=O)C(F)(F)F,ENAMINE-REAL : PV-007530020155,morgan,0.5076923076923077,enamine-real
NCCCC[C@H](N[C@@H](CCC1=CC=CC=C1)C(O)=O)C(=O)N1CCC[C@H]1C(O)=O,RLAWWYSOJDYHDC-BZSNNMDCSA-N,C[C@H](N[C@@H](CCC1=CC=CC=C1)C(=O)O)C(=O)N1CCCC1C(C)(C)CO,ENAMINE-REAL : Z6296274939,morgan,0.5,enamine-real
NCCCC[C@H](N[C@@H](CCC1=CC=CC=C1)C(O)=O)C(=O)N1CCC[C@H]1C(O)=O,RLAWWYSOJDYHDC-BZSNNMDCSA-N,CCCC(=O)N1CCCC1C(=O)N[C@H](CCC1=CC=CC=C1)C(=O)O,ENAMINE-REAL : Z4322888650,morgan,0.5,enamine-real
NCCCC[C@H](N[C@@H](CCC1=CC=CC=C1)C(O)=O)C(=O)N1CCC[C@H]1C(O)=O,RLAWWYSOJDYHDC-BZSNNMDCSA-N,NC(CCC1=CC=NC=C1)C(=O)N1CCC[C@@H]1C(=O)O,ENAMINE-REAL : PV-002731071213,morgan,0.5,enamine-real
NCCCC[C@H](N[C@@H](CCC1=CC=CC=C1)C(O)=O)C(=O)N1CCC[C@H]1C(O)=O,RLAWWYSOJDYHDC-BZSNNMDCSA-N,CCNC(CC1=CC=CC=C1)C(=O)N1CCCC[C@@H]1C(=O)O,ENAMINE-REAL : Z3294113204,morgan,0.49206349206349204,enamine-real
NCCCC[C@H](N[C@@H](CCC1=CC=CC=C1)C(O)=O)C(=O)N1CCC[C@H]1C(O)=O,RLAWWYSOJDYHDC-BZSNNMDCSA-N,CCNC(CC1=CC=CC=C1)C(=O)N1CCCCC1C(=O)O,ENAMINE-REAL : Z3294088400,morgan,0.49206349206349204,enamine-real
NCCCC[C@H](N[C@@H](CCC1=CC=CC=C1)C(O)=O)C(=O)N1CCC[C@H]1C(O)=O,RLAWWYSOJDYHDC-BZSNNMDCSA-N,CCN[C@H](CC1=CC=CC=C1)C(=O)N1CCCC[C@H]1C(=O)O,ENAMINE-REAL : Z5592020450,morgan,0.49206349206349204,enamine-real
NCCCC[C@H](N[C@@H](CCC1=CC=CC=C1)C(O)=O)C(=O)N1CCC[C@H]1C(O)=O,RLAWWYSOJDYHDC-BZSNNMDCSA-N,CCN[C@H](CC1=CC=CC=C1)C(=O)N1CCCC[C@@H]1C(=O)O,ENAMINE-REAL : Z5592020432,morgan,0.49206349206349204,enamine-real
NCCCC[C@H](N[C@@H](CCC1=CC=CC=C1)C(O)=O)C(=O)N1CCC[C@H]1C(O)=O,RLAWWYSOJDYHDC-BZSNNMDCSA-N,CCNC(CC1=CC=CC=C1)C(=O)N1CCCC[C@H]1C(=O)O,ENAMINE-REAL : Z3294113452,morgan,0.49206349206349204,enamine-real
NCCCC[C@H](N[C@@H](CCC1=CC=CC=C1)C(O)=O)C(=O)N1CCC[C@H]1C(O)=O,RLAWWYSOJDYHDC-BZSNNMDCSA-N,CCN[C@H](CC1=CC=CC=C1)C(=O)N1CCCCC1C(=O)O,ENAMINE-REAL : Z5592018730,morgan,0.49206349206349204,enamine-real
NCCCC[C@H](N[C@@H](CCC1=CC=CC=C1)C(O)=O)C(=O)N1CCC[C@H]1C(O)=O,RLAWWYSOJDYHDC-BZSNNMDCSA-N,NCC(CC1=CC=CC=C1)C(=O)N1CCCC[C@H]1C(=O)O,ENAMINE-REAL : Z1543520030,morgan,0.4918032786885246,enamine-real
NCCCC[C@H](N[C@@H](CCC1=CC=CC=C1)C(O)=O)C(=O)N1CCC[C@H]1C(O)=O,RLAWWYSOJDYHDC-BZSNNMDCSA-N,NCC(CC1=CC=CC=C1)C(=O)N1CCCC[C@@H]1C(=O)O,ENAMINE-REAL : Z1543519131,morgan,0.4918032786885246,enamine-real
NCCCC[C@H](N[C@@H](CCC1=CC=CC=C1)C(O)=O)C(=O)N1CCC[C@H]1C(O)=O,RLAWWYSOJDYHDC-BZSNNMDCSA-N,NCC(CC1=CC=CC=C1)C(=O)N1CCCCC1C(=O)O,ENAMINE-REAL : Z1543511013,morgan,0.4918032786885246,enamine-real
NCCCC[C@H](N[C@@H](CCC1=CC=CC=C1)C(O)=O)C(=O)N1CCC[C@H]1C(O)=O,RLAWWYSOJDYHDC-BZSNNMDCSA-N,NC(=O)CC[C@H](NC(=O)CCCc1ccccc1)C(=O)N1CCC[C@H]1C(=O)[O-],ZINC15 : ZINC001605627746,morgan,0.4857142857142857,zinc15
NCCCC[C@H](N[C@@H](CCC1=CC=CC=C1)C(O)=O)C(=O)N1CCC[C@H]1C(O)=O,RLAWWYSOJDYHDC-BZSNNMDCSA-N,NC(=O)CC[C@@H](NC(=O)CCCc1ccccc1)C(=O)N1CCC[C@H]1C(=O)[O-],ZINC15 : ZINC001605627745,morgan,0.4857142857142857,zinc15
NCCCC[C@H](N[C@@H](CCC1=CC=CC=C1)C(O)=O)C(=O)N1CCC[C@H]1C(O)=O,RLAWWYSOJDYHDC-BZSNNMDCSA-N,NC(=O)CC[C@H](NC(=O)CCCc1ccccc1)C(=O)N1CCC[C@@H]1C(=O)[O-],ZINC15 : ZINC001605627748,morgan,0.4857142857142857,zinc15
NCCCC[C@H](N[C@@H](CCC1=CC=CC=C1)C(O)=O)C(=O)N1CCC[C@H]1C(O)=O,RLAWWYSOJDYHDC-BZSNNMDCSA-N,C[C@H](N[C@@H](CCc1ccccc1)C(=O)OCCc1ccccc1)C(=O)N1CCC[C@H]1C(=O)[O-],ZINC15 : ZINC000067665039,morgan,0.4857142857142857,zinc15
NCCCC[C@H](N[C@@H](CCC1=CC=CC=C1)C(O)=O)C(=O)N1CCC[C@H]1C(O)=O,RLAWWYSOJDYHDC-BZSNNMDCSA-N,C[C@H](N[C@@H](CCc1ccccc1)C(=O)OCCc1ccccc1)C(=O)N1CCC[C@@H]1C(=O)[O-],ZINC15 : ZINC000067665036,morgan,0.4857142857142857,zinc15
NCCCC[C@H](N[C@@H](CCC1=CC=CC=C1)C(O)=O)C(=O)N1CCC[C@H]1C(O)=O,RLAWWYSOJDYHDC-BZSNNMDCSA-N,NC(=O)CC[C@@H](NC(=O)CCCc1ccccc1)C(=O)N1CCC[C@@H]1C(=O)[O-],ZINC15 : ZINC001605627747,morgan,0.4857142857142857,zinc15
NCCCC[C@H](N[C@@H](CCC1=CC=CC=C1)C(O)=O)C(=O)N1CCC[C@H]1C(O)=O,RLAWWYSOJDYHDC-BZSNNMDCSA-N,CC(=O)N1CCC[C@H]1C(=O)NC(CCCCOCC1=CC=CC=C1)C(=O)O,ENAMINE-REAL : Z6137967846,morgan,0.4852941176470588,enamine-real
NCCCC[C@H](N[C@@H](CCC1=CC=CC=C1)C(O)=O)C(=O)N1CCC[C@H]1C(O)=O,RLAWWYSOJDYHDC-BZSNNMDCSA-N,CC(=O)N1CCC[C@@H]1C(=O)NC(CCCCOCC1=CC=CC=C1)C(=O)O,ENAMINE-REAL : Z6137976584,morgan,0.4852941176470588,enamine-real
NCCCC[C@H](N[C@@H](CCC1=CC=CC=C1)C(O)=O)C(=O)N1CCC[C@H]1C(O)=O,RLAWWYSOJDYHDC-BZSNNMDCSA-N,C[C@H](N[C@@H](CCC1=CC=CC=C1)C(=O)O)C(=O)N1CCCC(CCF)C1,ENAMINE-REAL : Z6294778500,morgan,0.4852941176470588,enamine-real
NCCCC[C@H](N[C@@H](CCC1=CC=CC=C1)C(O)=O)C(=O)N1CCC[C@H]1C(O)=O,RLAWWYSOJDYHDC-BZSNNMDCSA-N,CCC(=O)N1CCCCC1C(=O)N[C@H](CCC1=CC=CC=C1)C(=O)O,ENAMINE-REAL : Z4322417751,morgan,0.48484848484848486,enamine-real
NCCCC[C@H](N[C@@H](CCC1=CC=CC=C1)C(O)=O)C(=O)N1CCC[C@H]1C(O)=O,RLAWWYSOJDYHDC-BZSNNMDCSA-N,CCNC(CC1=CC=CC=C1)C(=O)N1CCC[C@@H]1C(N)=O,ENAMINE-REAL : Z4063190580,morgan,0.484375,enamine-real
NCCCC[C@H](N[C@@H](CCC1=CC=CC=C1)C(O)=O)C(=O)N1CCC[C@H]1C(O)=O,RLAWWYSOJDYHDC-BZSNNMDCSA-N,CCN[C@H](CC1=CC=CC=C1)C(=O)N1CCC[C@H]1C(N)=O,ENAMINE-REAL : Z6369437710,morgan,0.484375,enamine-real
NCCCC[C@H](N[C@@H](CCC1=CC=CC=C1)C(O)=O)C(=O)N1CCC[C@H]1C(O)=O,RLAWWYSOJDYHDC-BZSNNMDCSA-N,CCN[C@H](CC1=CC=CC=C1)C(=O)N1CCCC1C(N)=O,ENAMINE-REAL : Z5630526925,morgan,0.484375,enamine-real
NCCCC[C@H](N[C@@H](CCC1=CC=CC=C1)C(O)=O)C(=O)N1CCC[C@H]1C(O)=O,RLAWWYSOJDYHDC-BZSNNMDCSA-N,CCNC(CC1=CC=CC=C1)C(=O)N1CCCC1C(N)=O,ENAMINE-REAL : Z3100083902,morgan,0.484375,enamine-real
NCCCC[C@H](N[C@@H](CCC1=CC=CC=C1)C(O)=O)C(=O)N1CCC[C@H]1C(O)=O,RLAWWYSOJDYHDC-BZSNNMDCSA-N,CCN[C@H](CC1=CC=CC=C1)C(=O)N1CCC[C@@H]1C(N)=O,ENAMINE-REAL : Z5631934899,morgan,0.484375,enamine-real
NCCCC[C@H](N[C@@H](CCC1=CC=CC=C1)C(O)=O)C(=O)N1CCC[C@H]1C(O)=O,RLAWWYSOJDYHDC-BZSNNMDCSA-N,CCNC(CC1=CC=CC=C1)C(=O)N1CCC[C@H]1C(N)=O,ENAMINE-REAL : Z6369436413,morgan,0.484375,enamine-real
NCCCC[C@H](N[C@@H](CCC1=CC=CC=C1)C(O)=O)C(=O)N1CCC[C@H]1C(O)=O,RLAWWYSOJDYHDC-BZSNNMDCSA-N,CCCCOC(=O)[C@H](CCc1ccccc1)N[C@@H](C)C(=O)N1CCC[C@H]1C(=O)[O-],ZINC15 : ZINC000034389601,morgan,0.4794520547945205,zinc15
NCCCC[C@H](N[C@@H](CCC1=CC=CC=C1)C(O)=O)C(=O)N1CCC[C@H]1C(O)=O,RLAWWYSOJDYHDC-BZSNNMDCSA-N,CCCCOC(=O)[C@H](CCc1ccccc1)N[C@@H](C)C(=O)N1CCC[C@@H]1C(=O)[O-],ZINC15 : ZINC000067665041,morgan,0.4794520547945205,zinc15
NCCCC[C@H](N[C@@H](CCC1=CC=CC=C1)C(O)=O)C(=O)N1CCC[C@H]1C(O)=O,RLAWWYSOJDYHDC-BZSNNMDCSA-N,C[C@H](N[C@@H](CCC1=CC=CC=C1)C(=O)O)C(=O)N1CCCCC1CN(C)C,ENAMINE-REAL : Z6295362487,morgan,0.4782608695652174,enamine-real
NCCCC[C@H](N[C@@H](CCC1=CC=CC=C1)C(O)=O)C(=O)N1CCC[C@H]1C(O)=O,RLAWWYSOJDYHDC-BZSNNMDCSA-N,NCCCC[C@H](NC(=O)N1CCC(CC2=CC=CC=C2)CC1)C(=O)O,ENAMINE-REAL : Z1898903867,morgan,0.47692307692307695,enamine-real
NCCCC[C@H](N[C@@H](CCC1=CC=CC=C1)C(O)=O)C(=O)N1CCC[C@H]1C(O)=O,RLAWWYSOJDYHDC-BZSNNMDCSA-N,CCCC(=O)N1CCCCC1C(=O)N[C@H](CCC1=CC=CC=C1)C(=O)O,ENAMINE-REAL : Z4322889119,morgan,0.47058823529411764,enamine-real
NCCCC[C@H](N[C@@H](CCC1=CC=CC=C1)C(O)=O)C(=O)N1CCC[C@H]1C(O)=O,RLAWWYSOJDYHDC-BZSNNMDCSA-N,NC(CCC1=CC=NC=C1)C(=O)N1CCCCC1C(=O)O,ENAMINE-REAL : Z3294088417,morgan,0.46875,enamine-real
NCCCC[C@H](N[C@@H](CCC1=CC=CC=C1)C(O)=O)C(=O)N1CCC[C@H]1C(O)=O,RLAWWYSOJDYHDC-BZSNNMDCSA-N,NC(CCC1=CC=NC=C1)C(=O)N1CCCC[C@H]1C(=O)O,ENAMINE-REAL : Z3294113409,morgan,0.46875,enamine-real
NCCCC[C@H](N[C@@H](CCC1=CC=CC=C1)C(O)=O)C(=O)N1CCC[C@H]1C(O)=O,RLAWWYSOJDYHDC-BZSNNMDCSA-N,NC(CCC1=CC=NC=C1)C(=O)N1CCCC[C@@H]1C(=O)O,ENAMINE-REAL : Z3294113271,morgan,0.46875,enamine-real
NCCCC[C@H](N[C@@H](CCC1=CC=CC=C1)C(O)=O)C(=O)N1CCC[C@H]1C(O)=O,RLAWWYSOJDYHDC-BZSNNMDCSA-N,[NH3+]CCCC[C@@H]([NH2+][C@H](CCc1ccccc1)C(=O)[O-])C(=O)N1CCC[C@@H]1C(=O)[O-],ZINC15 : ZINC000003873147,morgan,0.4647887323943662,zinc15
NCCCC[C@H](N[C@@H](CCC1=CC=CC=C1)C(O)=O)C(=O)N1CCC[C@H]1C(O)=O,RLAWWYSOJDYHDC-BZSNNMDCSA-N,[NH3+]CCCC[C@H]([NH2+][C@H](CCc1ccccc1)C(=O)[O-])C(=O)N1CCC[C@H]1C(=O)[O-],ZINC15 : ZINC000005851734,morgan,0.4647887323943662,zinc15
NCCCC[C@H](N[C@@H](CCC1=CC=CC=C1)C(O)=O)C(=O)N1CCC[C@H]1C(O)=O,RLAWWYSOJDYHDC-BZSNNMDCSA-N,[NH3+]CCCC[C@H]([NH2+][C@H](CCc1ccccc1)C(=O)[O-])C(=O)N1CCC[C@@H]1C(=O)[O-],ZINC15 : ZINC000003873145,morgan,0.4647887323943662,zinc15
NCCCC[C@H](N[C@@H](CCC1=CC=CC=C1)C(O)=O)C(=O)N1CCC[C@H]1C(O)=O,RLAWWYSOJDYHDC-BZSNNMDCSA-N,[NH3+]CCCC[C@@H]([NH2+][C@@H](CCc1ccccc1)C(=O)[O-])C(=O)N1CCC[C@H]1C(=O)[O-],ZINC15 : ZINC000009212370,morgan,0.4647887323943662,zinc15
NCCCC[C@H](N[C@@H](CCC1=CC=CC=C1)C(O)=O)C(=O)N1CCC[C@H]1C(O)=O,RLAWWYSOJDYHDC-BZSNNMDCSA-N,[NH3+]CCCC[C@H]([NH2+][C@@H](CCc1ccccc1)C(=O)[O-])C(=O)N1CCC[C@H]1C(=O)[O-],ZINC15 : ZINC000003812863,morgan,0.4647887323943662,zinc15
NCCCC[C@H](N[C@@H](CCC1=CC=CC=C1)C(O)=O)C(=O)N1CCC[C@H]1C(O)=O,RLAWWYSOJDYHDC-BZSNNMDCSA-N,[NH3+]CCCC[C@H]([NH2+][C@@H](CCc1ccccc1)C(=O)[O-])C(=O)N1CCC[C@@H]1C(=O)[O-],ZINC15 : ZINC000003873144,morgan,0.4647887323943662,zinc15
NCCCC[C@H](N[C@@H](CCC1=CC=CC=C1)C(O)=O)C(=O)N1CCC[C@H]1C(O)=O,RLAWWYSOJDYHDC-BZSNNMDCSA-N,[NH3+]CCCC[C@@H]([NH2+][C@@H](CCc1ccccc1)C(=O)[O-])C(=O)N1CCC[C@@H]1C(=O)[O-],ZINC15 : ZINC000003873146,morgan,0.4647887323943662,zinc15
NCCCC[C@H](N[C@@H](CCC1=CC=CC=C1)C(O)=O)C(=O)N1CCC[C@H]1C(O)=O,RLAWWYSOJDYHDC-BZSNNMDCSA-N,O=C(N[C@H](CCC1=CC=CC=C1)C(=O)O)[C@@H]1CCCN1CC(F)(F)F,ENAMINE-REAL : Z3801436047,morgan,0.4626865671641791,enamine-real
NCCCC[C@H](N[C@@H](CCC1=CC=CC=C1)C(O)=O)C(=O)N1CCC[C@H]1C(O)=O,RLAWWYSOJDYHDC-BZSNNMDCSA-N,C[C@H](N[C@@H](CCC1=CC=CC=C1)C(=O)O)C(=O)N1CCCCC(O)C1,ENAMINE-REAL : Z6296741912,morgan,0.4626865671641791,enamine-real
NCCCC[C@H](N[C@@H](CCC1=CC=CC=C1)C(O)=O)C(=O)N1CCC[C@H]1C(O)=O,RLAWWYSOJDYHDC-BZSNNMDCSA-N,CC(=O)N1CCC[C@H]1C(=O)NC(CCc1ccccc1)CCc1ccccc1,ZINC15 : ZINC000153257806,morgan,0.4603174603174603,zinc15
NCCCC[C@H](N[C@@H](CCC1=CC=CC=C1)C(O)=O)C(=O)N1CCC[C@H]1C(O)=O,RLAWWYSOJDYHDC-BZSNNMDCSA-N,CC(=O)N1CCC[C@@H]1C(=O)NC(CCc1ccccc1)CCc1ccccc1,ZINC15 : ZINC000162352610,morgan,0.4603174603174603,zinc15
NCCCC[C@H](N[C@@H](CCC1=CC=CC=C1)C(O)=O)C(=O)N1CCC[C@H]1C(O)=O,RLAWWYSOJDYHDC-BZSNNMDCSA-N,[NH3+]CCCC[C@H](NC(=O)OCc1ccccc1)C(=O)N1CCC[C@H]1C(=O)[O-],ZINC15 : ZINC000013544334,morgan,0.4583333333333333,zinc15
NCCCC[C@H](N[C@@H](CCC1=CC=CC=C1)C(O)=O)C(=O)N1CCC[C@H]1C(O)=O,RLAWWYSOJDYHDC-BZSNNMDCSA-N,CCCC[C@@H](NC(N)=O)C(=O)N1CCC[C@@H]1CCCc1ccccc1,ZINC15 : ZINC000122845387,morgan,0.45714285714285713,zinc15
NCCCC[C@H](N[C@@H](CCC1=CC=CC=C1)C(O)=O)C(=O)N1CCC[C@H]1C(O)=O,RLAWWYSOJDYHDC-BZSNNMDCSA-N,CCCC[C@H](NC(N)=O)C(=O)N1CCC[C@@H]1CCCc1ccccc1,ZINC15 : ZINC000122845181,morgan,0.45714285714285713,zinc15
NCCCC[C@H](N[C@@H](CCC1=CC=CC=C1)C(O)=O)C(=O)N1CCC[C@H]1C(O)=O,RLAWWYSOJDYHDC-BZSNNMDCSA-N,CCCC[C@H](NC(N)=O)C(=O)N1CCC[C@H]1CCCc1ccccc1,ZINC15 : ZINC000122845585,morgan,0.45714285714285713,zinc15
NCCCC[C@H](N[C@@H](CCC1=CC=CC=C1)C(O)=O)C(=O)N1CCC[C@H]1C(O)=O,RLAWWYSOJDYHDC-BZSNNMDCSA-N,CCCC[C@@H](NC(N)=O)C(=O)N1CCC[C@H]1CCCc1ccccc1,ZINC15 : ZINC000122845826,morgan,0.45714285714285713,zinc15
NCCCC[C@H](N[C@@H](CCC1=CC=CC=C1)C(O)=O)C(=O)N1CCC[C@H]1C(O)=O,RLAWWYSOJDYHDC-BZSNNMDCSA-N,CCCC[C@H](NC(=O)C1CCCN1C(=O)CC1=CC=CC=C1)C(=O)O,ENAMINE-REAL : Z1946974386,morgan,0.45588235294117646,enamine-real
NCCCC[C@H](N[C@@H](CCC1=CC=CC=C1)C(O)=O)C(=O)N1CCC[C@H]1C(O)=O,RLAWWYSOJDYHDC-BZSNNMDCSA-N,CCCC[C@@H](NC(=O)C1CCCN1C(=O)CC1=CC=CC=C1)C(=O)O,ENAMINE-REAL : Z3664979674,morgan,0.45588235294117646,enamine-real
NCCCC[C@H](N[C@@H](CCC1=CC=CC=C1)C(O)=O)C(=O)N1CCC[C@H]1C(O)=O,RLAWWYSOJDYHDC-BZSNNMDCSA-N,CCCCC(NC(N)=O)C(=O)N1CCCC1C(=O)C1=CC=CC=C1,ENAMINE-REAL : Z3595166940,morgan,0.45588235294117646,enamine-real
NCCCC[C@H](N[C@@H](CCC1=CC=CC=C1)C(O)=O)C(=O)N1CCC[C@H]1C(O)=O,RLAWWYSOJDYHDC-BZSNNMDCSA-N,CCCCC(NC(=O)C1CCCN1C(=O)CC1=CC=CC=C1)C(=O)O,ENAMINE-REAL : Z1665210387,morgan,0.45588235294117646,enamine-real
NCCCC[C@H](N[C@@H](CCC1=CC=CC=C1)C(O)=O)C(=O)N1CCC[C@H]1C(O)=O,RLAWWYSOJDYHDC-BZSNNMDCSA-N,NC(=O)N1CCC[C@H]1C(=O)N[C@@H](CO)CCc1ccccc1,ZINC15 : ZINC000928265148,morgan,0.45454545454545453,zinc15
NCCCC[C@H](N[C@@H](CCC1=CC=CC=C1)C(O)=O)C(=O)N1CCC[C@H]1C(O)=O,RLAWWYSOJDYHDC-BZSNNMDCSA-N,NC(CCC1=CC=CC=N1)C(=O)N1CCC[C@@H]1C(=O)O,ENAMINE-REAL : PV-003028380160,morgan,0.45454545454545453,enamine-real
NCCCC[C@H](N[C@@H](CCC1=CC=CC=C1)C(O)=O)C(=O)N1CCC[C@H]1C(O)=O,RLAWWYSOJDYHDC-BZSNNMDCSA-N,NC(=O)N1CCC[C@H]1C(=O)N[C@H](CO)CCc1ccccc1,ZINC15 : ZINC000928257952,morgan,0.45454545454545453,zinc15
NCCCC[C@H](N[C@@H](CCC1=CC=CC=C1)C(O)=O)C(=O)N1CCC[C@H]1C(O)=O,RLAWWYSOJDYHDC-BZSNNMDCSA-N,NCCCC[C@H](NS(=O)(=O)C1CCCN(C(=O)C2=CC=CC=C2)C1)C(=O)O,ENAMINE-REAL : Z1739203839,morgan,0.44285714285714284,enamine-real
NCCCC[C@H](N[C@@H](CCC1=CC=CC=C1)C(O)=O)C(=O)N1CCC[C@H]1C(O)=O,RLAWWYSOJDYHDC-BZSNNMDCSA-N,CC(C)(C)OC(=O)N[C@H](CCC1=CC=CC=C1)C(=O)N1CCCC1C(=O)O,ENAMINE-REAL : PV-007652580291,espsim_electrostatic,0.578125,enamine-real
NCCCC[C@H](N[C@@H](CCC1=CC=CC=C1)C(O)=O)C(=O)N1CCC[C@H]1C(O)=O,RLAWWYSOJDYHDC-BZSNNMDCSA-N,CC(C)(C)OC(=O)N[C@H](CCC1=CC=CC=C1)C(=O)N1CCC[C@@H]1C(=O)O,ENAMINE-REAL : PV-007652580294,espsim_electrostatic,0.578125,enamine-real
NCCCC[C@H](N[C@@H](CCC1=CC=CC=C1)C(O)=O)C(=O)N1CCC[C@H]1C(O)=O,RLAWWYSOJDYHDC-BZSNNMDCSA-N,CC(C)(C)OC(=O)N[C@@H](CCC1=CC=CC=C1)C(=O)N1CCCC1C(=O)O,ENAMINE-REAL : PV-007652580296,espsim_electrostatic,0.578125,enamine-real
NCCCC[C@H](N[C@@H](CCC1=CC=CC=C1)C(O)=O)C(=O)N1CCC[C@H]1C(O)=O,RLAWWYSOJDYHDC-BZSNNMDCSA-N,CC(C)(C)OC(=O)N[C@H](CCC1=CC=CC=C1)C(=O)N1CCC[C@H]1C(=O)O,ENAMINE-REAL : PV-007652580292,espsim_electrostatic,0.578125,enamine-real
NCCCC[C@H](N[C@@H](CCC1=CC=CC=C1)C(O)=O)C(=O)N1CCC[C@H]1C(O)=O,RLAWWYSOJDYHDC-BZSNNMDCSA-N,CC(C)(C)OC(=O)N[C@@H](CCC1=CC=CC=C1)C(=O)N1CCC[C@H]1C(=O)O,ENAMINE-REAL : PV-007652580293,espsim_electrostatic,0.578125,enamine-real
NCCCC[C@H](N[C@@H](CCC1=CC=CC=C1)C(O)=O)C(=O)N1CCC[C@H]1C(O)=O,RLAWWYSOJDYHDC-BZSNNMDCSA-N,CC(C)(C)OC(=O)N[C@@H](CCC1=CC=CC=C1)C(=O)N1CCC[C@@H]1C(=O)O,ENAMINE-REAL : PV-007652580295,espsim_electrostatic,0.578125,enamine-real
NCCCC[C@H](N[C@@H](CCC1=CC=CC=C1)C(O)=O)C(=O)N1CCC[C@H]1C(O)=O,RLAWWYSOJDYHDC-BZSNNMDCSA-N,C[C@H](N[C@@H](CCC1=CC=CC=C1)C(=O)O)C(=O)N1CCC[C@H]1C,ENAMINE-REAL : Z6296325516,espsim_electrostatic,0.5483870967741935,enamine-real
NCCCC[C@H](N[C@@H](CCC1=CC=CC=C1)C(O)=O)C(=O)N1CCC[C@H]1C(O)=O,RLAWWYSOJDYHDC-BZSNNMDCSA-N,C[C@H](N[C@@H](CCC1=CC=CC=C1)C(=O)O)C(=O)N1CCC[C@@H]1C,ENAMINE-REAL : Z6296406740,espsim_electrostatic,0.5483870967741935,enamine-real
NCCCC[C@H](N[C@@H](CCC1=CC=CC=C1)C(O)=O)C(=O)N1CCC[C@H]1C(O)=O,RLAWWYSOJDYHDC-BZSNNMDCSA-N,CC1CCCN1C(=O)[C@H](C)N[C@@H](CCC1=CC=CC=C1)C(=O)O,ENAMINE-REAL : Z6294505971,espsim_electrostatic,0.5483870967741935,enamine-real
NCCCC[C@H](N[C@@H](CCC1=CC=CC=C1)C(O)=O)C(=O)N1CCC[C@H]1C(O)=O,RLAWWYSOJDYHDC-BZSNNMDCSA-N,C[C@H](N[C@@H](CCC1=CC=CC=C1)C(=O)O)C(=O)N1CCC[C@@H]1C1CC1,ENAMINE-REAL : Z6296613866,espsim_electrostatic,0.5396825396825397,enamine-real
NCCCC[C@H](N[C@@H](CCC1=CC=CC=C1)C(O)=O)C(=O)N1CCC[C@H]1C(O)=O,RLAWWYSOJDYHDC-BZSNNMDCSA-N,C[C@H](N[C@@H](CCC1=CC=CC=C1)C(=O)O)C(=O)N1CCCC1C1CC1,ENAMINE-REAL : Z6295428135,espsim_electrostatic,0.5396825396825397,enamine-real
NCCCC[C@H](N[C@@H](CCC1=CC=CC=C1)C(O)=O)C(=O)N1CCC[C@H]1C(O)=O,RLAWWYSOJDYHDC-BZSNNMDCSA-N,C[C@H](N[C@@H](CCC1=CC=CC=C1)C(=O)O)C(=O)N1CCC[C@H]1C1CC1,ENAMINE-REAL : Z6296618174,espsim_electrostatic,0.5396825396825397,enamine-real
NCCCC[C@H](N[C@@H](CCC1=CC=CC=C1)C(O)=O)C(=O)N1CCC[C@H]1C(O)=O,RLAWWYSOJDYHDC-BZSNNMDCSA-N,CC(C)C1CCCN1C(=O)[C@H](C)N[C@@H](CCC1=CC=CC=C1)C(=O)O,ENAMINE-REAL : Z6293742160,espsim_electrostatic,0.5396825396825397,enamine-real
NCCCC[C@H](N[C@@H](CCC1=CC=CC=C1)C(O)=O)C(=O)N1CCC[C@H]1C(O)=O,RLAWWYSOJDYHDC-BZSNNMDCSA-N,C[C@H](N[C@@H](CCC1=CC=CC=C1)C(=O)O)C(=O)N1CCC[C@H]1C(C)(C)O,ENAMINE-REAL : Z6296880640,espsim_electrostatic,0.5384615384615384,enamine-real
NCCCC[C@H](N[C@@H](CCC1=CC=CC=C1)C(O)=O)C(=O)N1CCC[C@H]1C(O)=O,RLAWWYSOJDYHDC-BZSNNMDCSA-N,C[C@H](N[C@@H](CCC1=CC=CC=C1)C(=O)O)C(=O)N1CCCC1C(C)(C)O,ENAMINE-REAL : Z6295547878,espsim_electrostatic,0.5384615384615384,enamine-real
NCCCC[C@H](N[C@@H](CCC1=CC=CC=C1)C(O)=O)C(=O)N1CCC[C@H]1C(O)=O,RLAWWYSOJDYHDC-BZSNNMDCSA-N,C[C@H](N[C@@H](CCC1=CC=CC=C1)C(=O)O)C(=O)N1CCC[C@@H]1C(C)(C)O,ENAMINE-REAL : Z6296292809,espsim_electrostatic,0.5384615384615384,enamine-real
NCCCC[C@H](N[C@@H](CCC1=CC=CC=C1)C(O)=O)C(=O)N1CCC[C@H]1C(O)=O,RLAWWYSOJDYHDC-BZSNNMDCSA-N,C[C@H](N[C@@H](CCC1=CC=CC=C1)C(=O)O)C(=O)N1CCCC1C1CCCC1,ENAMINE-REAL : Z6293827484,espsim_electrostatic,0.53125,enamine-real
NCCCC[C@H](N[C@@H](CCC1=CC=CC=C1)C(O)=O)C(=O)N1CCC[C@H]1C(O)=O,RLAWWYSOJDYHDC-BZSNNMDCSA-N,C[C@H](N[C@@H](CCC1=CC=CC=C1)C(=O)O)C(=O)N1CCCC1C1CCC1,ENAMINE-REAL : Z6294230643,espsim_electrostatic,0.53125,enamine-real
NCCCC[C@H](N[C@@H](CCC1=CC=CC=C1)C(O)=O)C(=O)N1CCC[C@H]1C(O)=O,RLAWWYSOJDYHDC-BZSNNMDCSA-N,C[C@H](N[C@@H](CCC1=CC=CC=C1)C(=O)O)C(=O)N1CCCC1C(C)(C)C,ENAMINE-REAL : Z6294534071,espsim_electrostatic,0.53125,enamine-real
NCCCC[C@H](N[C@@H](CCC1=CC=CC=C1)C(O)=O)C(=O)N1CCC[C@H]1C(O)=O,RLAWWYSOJDYHDC-BZSNNMDCSA-N,C[C@H](N[C@@H](CCC1=CC=CC=C1)C(=O)O)C(=O)N1CCC[C@H]1CF,ENAMINE-REAL : Z6296752675,espsim_electrostatic,0.5230769230769231,enamine-real
NCCCC[C@H](N[C@@H](CCC1=CC=CC=C1)C(O)=O)C(=O)N1CCC[C@H]1C(O)=O,RLAWWYSOJDYHDC-BZSNNMDCSA-N,CC1CCCCN1C(=O)[C@H](C)N[C@@H](CCC1=CC=CC=C1)C(=O)O,ENAMINE-REAL : Z6293640617,espsim_electrostatic,0.515625,enamine-real
NCCCC[C@H](N[C@@H](CCC1=CC=CC=C1)C(O)=O)C(=O)N1CCC[C@H]1C(O)=O,RLAWWYSOJDYHDC-BZSNNMDCSA-N,C#CC1CCCN1C(=O)[C@H](C)N[C@@H](CCC1=CC=CC=C1)C(=O)O,ENAMINE-REAL : Z6295856083,espsim_electrostatic,0.5151515151515151,enamine-real
NCCCC[C@H](N[C@@H](CCC1=CC=CC=C1)C(O)=O)C(=O)N1CCC[C@H]1C(O)=O,RLAWWYSOJDYHDC-BZSNNMDCSA-N,C[C@H](N[C@@H](CCC1=CC=CC=C1)C(=O)O)C(=O)N1CCCCC1C1CC1,ENAMINE-REAL : Z6296619914,espsim_electrostatic,0.5076923076923077,enamine-real
NCCCC[C@H](N[C@@H](CCC1=CC=CC=C1)C(O)=O)C(=O)N1CCC[C@H]1C(O)=O,RLAWWYSOJDYHDC-BZSNNMDCSA-N,C[C@H](N[C@@H](CCC1=CC=CC=C1)C(=O)O)C(=O)N1CCCC1C1(C)CC1,ENAMINE-REAL : Z6296728145,espsim_electrostatic,0.5074626865671642,enamine-real
NCCCC[C@H](N[C@@H](CCC1=CC=CC=C1)C(O)=O)C(=O)N1CCC[C@H]1C(O)=O,RLAWWYSOJDYHDC-BZSNNMDCSA-N,C[C@H](N[C@@H](CCC1=CC=CC=C1)C(=O)O)C(=O)N1CCCC1CN1CCCC1,ENAMINE-REAL : Z6295376790,espsim_electrostatic,0.5074626865671642,enamine-real
NCCCC[C@H](N[C@@H](CCC1=CC=CC=C1)C(O)=O)C(=O)N1CCC[C@H]1C(O)=O,RLAWWYSOJDYHDC-BZSNNMDCSA-N,C[C@H](N[C@@H](CCC1=CC=CC=C1)C(=O)O)C(=O)N1CCCC1C1CCOCC1,ENAMINE-REAL : Z6294573096,espsim_electrostatic,0.5,enamine-real
NCCCC[C@H](N[C@@H](CCC1=CC=CC=C1)C(O)=O)C(=O)N1CCC[C@H]1C(O)=O,RLAWWYSOJDYHDC-BZSNNMDCSA-N,C[C@H](N[C@@H](CCC1=CC=CC=C1)C(=O)O)C(=O)N1CCCC1C(C)(C)CO,ENAMINE-REAL : Z6296274939,espsim_electrostatic,0.5,enamine-real
NCCCC[C@H](N[C@@H](CCC1=CC=CC=C1)C(O)=O)C(=O)N1CCC[C@H]1C(O)=O,RLAWWYSOJDYHDC-BZSNNMDCSA-N,C[C@H](N[C@@H](CCC1=CC=CC=C1)C(=O)O)C(=O)N1CCCCC1C1CCC1,ENAMINE-REAL : Z6294689181,espsim_electrostatic,0.5,enamine-real
NCCCC[C@H](N[C@@H](CCC1=CC=CC=C1)C(O)=O)C(=O)N1CCC[C@H]1C(O)=O,RLAWWYSOJDYHDC-BZSNNMDCSA-N,C[C@H](N[C@@H](CCC1=CC=CC=C1)C(=O)O)C(=O)N1CCCCC1CF,ENAMINE-REAL : Z6296702313,espsim_electrostatic,0.4925373134328358,enamine-real
NCCCC[C@H](N[C@@H](CCC1=CC=CC=C1)C(O)=O)C(=O)N1CCC[C@H]1C(O)=O,RLAWWYSOJDYHDC-BZSNNMDCSA-N,C[C@H](N[C@@H](CCC1=CC=CC=C1)C(=O)O)C(=O)N1CCCC(N2CCCC2)C1,ENAMINE-REAL : Z6295312525,espsim_electrostatic,0.4925373134328358,enamine-real
NCCCC[C@H](N[C@@H](CCC1=CC=CC=C1)C(O)=O)C(=O)N1CCC[C@H]1C(O)=O,RLAWWYSOJDYHDC-BZSNNMDCSA-N,C[C@H](N[C@@H](CCc1ccccc1)C(=O)OCCc1ccccc1)C(=O)N1CCC[C@H]1C(=O)[O-],ZINC15 : ZINC000067665039,espsim_electrostatic,0.4857142857142857,zinc15
NCCCC[C@H](N[C@@H](CCC1=CC=CC=C1)C(O)=O)C(=O)N1CCC[C@H]1C(O)=O,RLAWWYSOJDYHDC-BZSNNMDCSA-N,C[C@H](N[C@@H](CCC1=CC=CC=C1)C(=O)O)C(=O)N1CCCC1C1=CC=CO1,ENAMINE-REAL : Z6294238104,espsim_electrostatic,0.4857142857142857,enamine-real
NCCCC[C@H](N[C@@H](CCC1=CC=CC=C1)C(O)=O)C(=O)N1CCC[C@H]1C(O)=O,RLAWWYSOJDYHDC-BZSNNMDCSA-N,C[C@H](N[C@@H](CCc1ccccc1)C(=O)OCCc1ccccc1)C(=O)N1CCC[C@@H]1C(=O)[O-],ZINC15 : ZINC000067665036,espsim_electrostatic,0.4857142857142857,zinc15
NCCCC[C@H](N[C@@H](CCC1=CC=CC=C1)C(O)=O)C(=O)N1CCC[C@H]1C(O)=O,RLAWWYSOJDYHDC-BZSNNMDCSA-N,C[C@H](N[C@@H](CCC1=CC=CC=C1)C(=O)O)C(=O)N1CCCC1C1=CC=CS1,ENAMINE-REAL : Z6293654226,espsim_electrostatic,0.4857142857142857,enamine-real
NCCCC[C@H](N[C@@H](CCC1=CC=CC=C1)C(O)=O)C(=O)N1CCC[C@H]1C(O)=O,RLAWWYSOJDYHDC-BZSNNMDCSA-N,C[C@H](N[C@@H](CCC1=CC=CC=C1)C(=O)O)C(=O)N1CCCCC1CC1CC1,ENAMINE-REAL : Z6296943659,espsim_electrostatic,0.4852941176470588,enamine-real
NCCCC[C@H](N[C@@H](CCC1=CC=CC=C1)C(O)=O)C(=O)N1CCC[C@H]1C(O)=O,RLAWWYSOJDYHDC-BZSNNMDCSA-N,C[C@H](N[C@@H](CCC1=CC=CC=C1)C(=O)O)C(=O)N1CCCC(CCF)C1,ENAMINE-REAL : Z6294778500,espsim_electrostatic,0.4852941176470588,enamine-real
NCCCC[C@H](N[C@@H](CCC1=CC=CC=C1)C(O)=O)C(=O)N1CCC[C@H]1C(O)=O,RLAWWYSOJDYHDC-BZSNNMDCSA-N,C[C@H](N[C@@H](CCC1=CC=CC=C1)C(=O)O)C(=O)N1CCCC(OC2CCC2)C1,ENAMINE-REAL : Z6294707722,espsim_electrostatic,0.4852941176470588,enamine-real
NCCCC[C@H](N[C@@H](CCC1=CC=CC=C1)C(O)=O)C(=O)N1CCC[C@H]1C(O)=O,RLAWWYSOJDYHDC-BZSNNMDCSA-N,C[C@H](N[C@@H](CCC1=CC=CC=C1)C(=O)O)C(=O)N1CCCC(C2CCC2)C1,ENAMINE-REAL : Z6294794255,espsim_electrostatic,0.48484848484848486,enamine-real
NCCCC[C@H](N[C@@H](CCC1=CC=CC=C1)C(O)=O)C(=O)N1CCC[C@H]1C(O)=O,RLAWWYSOJDYHDC-BZSNNMDCSA-N,C[C@H](N[C@@H](CCC1=CC=CC=C1)C(=O)O)C(=O)N1CCCC(O)CC1,ENAMINE-REAL : Z6295549701,espsim_electrostatic,0.48484848484848486,enamine-real
NCCCC[C@H](N[C@@H](CCC1=CC=CC=C1)C(O)=O)C(=O)N1CCC[C@H]1C(O)=O,RLAWWYSOJDYHDC-BZSNNMDCSA-N,C[C@H](N[C@@H](CCC1=CC=CC=C1)C(=O)O)C(=O)N1CCCC1C1=CSC=C1,ENAMINE-REAL : Z6293742803,espsim_electrostatic,0.4788732394366197,enamine-real
NCCCC[C@H](N[C@@H](CCC1=CC=CC=C1)C(O)=O)C(=O)N1CCC[C@H]1C(O)=O,RLAWWYSOJDYHDC-BZSNNMDCSA-N,C[C@H](N[C@@H](CCC1=CC=CC=C1)C(=O)O)C(=O)N1CCCCC1C1OCCO1,ENAMINE-REAL : Z6295412670,espsim_electrostatic,0.4782608695652174,enamine-real
NCCCC[C@H](N[C@@H](CCC1=CC=CC=C1)C(O)=O)C(=O)N1CCC[C@H]1C(O)=O,RLAWWYSOJDYHDC-BZSNNMDCSA-N,C[C@H](N[C@@H](CCC1=CC=CC=C1)C(=O)O)C(=O)N1CCCCC1CN(C)C,ENAMINE-REAL : Z6295362487,espsim_electrostatic,0.4782608695652174,enamine-real
NCCCC[C@H](N[C@@H](CCC1=CC=CC=C1)C(O)=O)C(=O)N1CCC[C@H]1C(O)=O,RLAWWYSOJDYHDC-BZSNNMDCSA-N,C[C@H](N[C@@H](CCC1=CC=CC=C1)C(=O)O)C(=O)N1CCC(N2CCCC2)C1,ENAMINE-REAL : Z6295407284,espsim_electrostatic,0.47761194029850745,enamine-real
NCCCC[C@H](N[C@@H](CCC1=CC=CC=C1)C(O)=O)C(=O)N1CCC[C@H]1C(O)=O,RLAWWYSOJDYHDC-BZSNNMDCSA-N,C[C@H](N[C@@H](CCC1=CC=CC=C1)C(=O)O)C(=O)N1CCCC(CO)C1,ENAMINE-REAL : Z6295224788,espsim_electrostatic,0.47761194029850745,enamine-real
NCCCC[C@H](N[C@@H](CCC1=CC=CC=C1)C(O)=O)C(=O)N1CCC[C@H]1C(O)=O,RLAWWYSOJDYHDC-BZSNNMDCSA-N,C[C@H](N[C@@H](CCC1=CC=CC=C1)C(=O)O)C(=O)N1CCC[C@@H](CO)C1,ENAMINE-REAL : Z6296553491,espsim_electrostatic,0.47761194029850745,enamine-real
NCCCC[C@H](N[C@@H](CCC1=CC=CC=C1)C(O)=O)C(=O)N1CCC[C@H]1C(O)=O,RLAWWYSOJDYHDC-BZSNNMDCSA-N,C[C@H](N[C@@H](CCC1=CC=CC=C1)C(=O)O)C(=O)N1CCC[C@H](CO)C1,ENAMINE-REAL : Z6296553580,espsim_electrostatic,0.47761194029850745,enamine-real
NCCCC[C@H](N[C@@H](CCC1=CC=CC=C1)C(O)=O)C(=O)N1CCC[C@H]1C(O)=O,RLAWWYSOJDYHDC-BZSNNMDCSA-N,CCC1CCCN(C(=O)[C@H](C)N[C@@H](CCC2=CC=CC=C2)C(=O)O)C1,ENAMINE-REAL : Z6293783744,espsim_electrostatic,0.47761194029850745,enamine-real
NCCCC[C@H](N[C@@H](CCC1=CC=CC=C1)C(O)=O)C(=O)N1CCC[C@H]1C(O)=O,RLAWWYSOJDYHDC-BZSNNMDCSA-N,C[C@H](N[C@@H](CCC1=CC=CC=C1)C(=O)O)C(=O)N1CCCC1,ENAMINE-REAL : Z6293627130,espsim_electrostatic,0.47540983606557374,enamine-real
NCCCC[C@H](N[C@@H](CCC1=CC=CC=C1)C(O)=O)C(=O)N1CCC[C@H]1C(O)=O,RLAWWYSOJDYHDC-BZSNNMDCSA-N,C[C@H](N[C@@H](CCC1=CC=CC=C1)C(=O)O)C(=O)N1CCCC(CO)CC1,ENAMINE-REAL : Z6296370333,espsim_electrostatic,0.47058823529411764,enamine-real
NCCCC[C@H](N[C@@H](CCC1=CC=CC=C1)C(O)=O)C(=O)N1CCC[C@H]1C(O)=O,RLAWWYSOJDYHDC-BZSNNMDCSA-N,C[C@H](N[C@@H](CCC1=CC=CC=C1)C(=O)O)C(=O)N1CCC[C@@H](N(C)C)C1,ENAMINE-REAL : Z6297197576,espsim_electrostatic,0.47058823529411764,enamine-real
NCCCC[C@H](N[C@@H](CCC1=CC=CC=C1)C(O)=O)C(=O)N1CCC[C@H]1C(O)=O,RLAWWYSOJDYHDC-BZSNNMDCSA-N,C[C@H](N[C@@H](CCC1=CC=CC=C1)C(=O)O)C(=O)N1CCC(N2CCCCC2)C1,ENAMINE-REAL : Z6295428381,espsim_electrostatic,0.47058823529411764,enamine-real
NCCCC[C@H](N[C@@H](CCC1=CC=CC=C1)C(O)=O)C(=O)N1CCC[C@H]1C(O)=O,RLAWWYSOJDYHDC-BZSNNMDCSA-N,C[C@H](N[C@@H](CCC1=CC=CC=C1)C(=O)O)C(=O)N1CCCC(N(C)C)C1,ENAMINE-REAL : Z6295413214,espsim_electrostatic,0.47058823529411764,enamine-real
NCCCC[C@H](N[C@@H](CCC1=CC=CC=C1)C(O)=O)C(=O)N1CCC[C@H]1C(O)=O,RLAWWYSOJDYHDC-BZSNNMDCSA-N,C[C@H](N[C@@H](CCC1=CC=CC=C1)C(=O)O)C(=O)N1CCC[C@H](N(C)C)C1,ENAMINE-REAL : Z6297197926,espsim_electrostatic,0.47058823529411764,enamine-real
NCCCC[C@H](N[C@@H](CCC1=CC=CC=C1)C(O)=O)C(=O)N1CCC[C@H]1C(O)=O,RLAWWYSOJDYHDC-BZSNNMDCSA-N,C[C@H](N[C@@H](CCC1=CC=CC=C1)C(=O)O)C(=O)N1CCCC(C(C)(C)C)C1,ENAMINE-REAL : Z6294819369,espsim_electrostatic,0.47058823529411764,enamine-real
NCCCC[C@H](N[C@@H](CCC1=CC=CC=C1)C(O)=O)C(=O)N1CCC[C@H]1C(O)=O,RLAWWYSOJDYHDC-BZSNNMDCSA-N,C[C@H](N[C@@H](CCC1=CC=CC=C1)C(=O)O)C(=O)N1C2CCCC1CC2,ENAMINE-REAL : Z6294787745,espsim_electrostatic,0.46875,enamine-real
NCCCC[C@H](N[C@@H](CCC1=CC=CC=C1)C(O)=O)C(=O)N1CCC[C@H]1C(O)=O,RLAWWYSOJDYHDC-BZSNNMDCSA-N,C[C@H](N[C@@H](CCC1=CC=CC=C1)C(=O)O)C(=O)N1CCCCCCCC1,ENAMINE-REAL : Z6296244452,espsim_electrostatic,0.46774193548387094,enamine-real
NCCCC[C@H](N[C@@H](CCC1=CC=CC=C1)C(O)=O)C(=O)N1CCC[C@H]1C(O)=O,RLAWWYSOJDYHDC-BZSNNMDCSA-N,C[C@H](N[C@@H](CCC1=CC=CC=C1)C(=O)O)C(=O)N1CCCCC1,ENAMINE-REAL : Z6294072955,espsim_electrostatic,0.46774193548387094,enamine-real
NCCCC[C@H](N[C@@H](CCC1=CC=CC=C1)C(O)=O)C(=O)N1CCC[C@H]1C(O)=O,RLAWWYSOJDYHDC-BZSNNMDCSA-N,C[C@H](N[C@@H](CCC1=CC=CC=C1)C(=O)O)C(=O)N1CCCSCC1C1CC1,ENAMINE-REAL : Z6295830869,espsim_electrostatic,0.4647887323943662,enamine-real
NCCCC[C@H](N[C@@H](CCC1=CC=CC=C1)C(O)=O)C(=O)N1CCC[C@H]1C(O)=O,RLAWWYSOJDYHDC-BZSNNMDCSA-N,C[C@H](N[C@@H](CCC1=CC=CC=C1)C(=O)O)C(=O)N1CCCC(CCO)C1,ENAMINE-REAL : Z6295433791,espsim_electrostatic,0.463768115942029,enamine-real
NCCCC[C@H](N[C@@H](CCC1=CC=CC=C1)C(O)=O)C(=O)N1CCC[C@H]1C(O)=O,RLAWWYSOJDYHDC-BZSNNMDCSA-N,CC1CCCCN(C(=O)[C@H](C)N[C@@H](CCC2=CC=CC=C2)C(=O)O)C1,ENAMINE-REAL : Z6294457939,espsim_electrostatic,0.4626865671641791,enamine-real
NCCCC[C@H](N[C@@H](CCC1=CC=CC=C1)C(O)=O)C(=O)N1CCC[C@H]1C(O)=O,RLAWWYSOJDYHDC-BZSNNMDCSA-N,C[C@H](N[C@@H](CCC1=CC=CC=C1)C(=O)O)C(=O)N1CCCCC(O)C1,ENAMINE-REAL : Z6296741912,espsim_electrostatic,0.4626865671641791,enamine-real
NCCCC[C@H](N[C@@H](CCC1=CC=CC=C1)C(O)=O)C(=O)N1CCC[C@H]1C(O)=O,RLAWWYSOJDYHDC-BZSNNMDCSA-N,C[C@H](N[C@@H](CCC1=CC=CC=C1)C(=O)O)C(=O)N1CC2CCC1CC2,ENAMINE-REAL : Z6296875018,espsim_electrostatic,0.46153846153846156,enamine-real
NCCCC[C@H](N[C@@H](CCC1=CC=CC=C1)C(O)=O)C(=O)N1CCC[C@H]1C(O)=O,RLAWWYSOJDYHDC-BZSNNMDCSA-N,C[C@H](N[C@@H](CCC1=CC=CC=C1)C(=O)O)C(=O)N1CC[C@@H](C)C1,ENAMINE-REAL : Z6295848232,espsim_electrostatic,0.46153846153846156,enamine-real
NCCCC[C@H](N[C@@H](CCC1=CC=CC=C1)C(O)=O)C(=O)N1CCC[C@H]1C(O)=O,RLAWWYSOJDYHDC-BZSNNMDCSA-N,CC(C)(C)OC(=O)NC(CCC1=CC=NC=C1)C(=O)N1CCCC[C@@H]1C(=O)O,ENAMINE-REAL : PV-008795670659,espsim_electrostatic,0.4583333333333333,enamine-real
NCCCC[C@H](N[C@@H](CCC1=CC=CC=C1)C(O)=O)C(=O)N1CCC[C@H]1C(O)=O,RLAWWYSOJDYHDC-BZSNNMDCSA-N,CC(C)(C)OC(=O)N[C@@H](CCC1=CC=CC=C1)C(=O)N1CCOCCC1C(=O)O,ENAMINE-REAL : PV-008460106472,espsim_electrostatic,0.4583333333333333,enamine-real
NCCCC[C@H](N[C@@H](CCC1=CC=CC=C1)C(O)=O)C(=O)N1CCC[C@H]1C(O)=O,RLAWWYSOJDYHDC-BZSNNMDCSA-N,CC(C)(C)OC(=O)NC(CCC1=CC=NC=C1)C(=O)N1CCCC[C@H]1C(=O)O,ENAMINE-REAL : PV-008795670658,espsim_electrostatic,0.4583333333333333,enamine-real
NCCCC[C@H](N[C@@H](CCC1=CC=CC=C1)C(O)=O)C(=O)N1CCC[C@H]1C(O)=O,RLAWWYSOJDYHDC-BZSNNMDCSA-N,CC(C)(C)OC(=O)N[C@H](CCC1=CC=CC=C1)C(=O)N1CCOCCC1C(=O)O,ENAMINE-REAL : PV-008460106473,espsim_electrostatic,0.4583333333333333,enamine-real
NCCCC[C@H](N[C@@H](CCC1=CC=CC=C1)C(O)=O)C(=O)N1CCC[C@H]1C(O)=O,RLAWWYSOJDYHDC-BZSNNMDCSA-N,CC(C)(C)OC(=O)NC(CCC1=CC=NC=C1)C(=O)N1CCCCC1C(=O)O,ENAMINE-REAL : PV-008795670660,espsim_electrostatic,0.4583333333333333,enamine-real
NCCCC[C@H](N[C@@H](CCC1=CC=CC=C1)C(O)=O)C(=O)N1CCC[C@H]1C(O)=O,RLAWWYSOJDYHDC-BZSNNMDCSA-N,C[C@H](N[C@@H](CCC1=CC=CC=C1)C(=O)O)C(=O)N1CCCC(C2(O)CC2)C1,ENAMINE-REAL : Z6296838677,espsim_electrostatic,0.45714285714285713,enamine-real
NCCCC[C@H](N[C@@H](CCC1=CC=CC=C1)C(O)=O)C(=O)N1CCC[C@H]1C(O)=O,RLAWWYSOJDYHDC-BZSNNMDCSA-N,C[C@H](N[C@@H](CCC1=CC=CC=C1)C(=O)O)C(=O)N1CCCC(CCO)CC1,ENAMINE-REAL : Z6296210348,espsim_electrostatic,0.45714285714285713,enamine-real
NCCCC[C@H](N[C@@H](CCC1=CC=CC=C1)C(O)=O)C(=O)N1CCC[C@H]1C(O)=O,RLAWWYSOJDYHDC-BZSNNMDCSA-N,C[C@H](N[C@@H](CCC1=CC=CC=C1)C(=O)O)C(=O)N1CC2CCCC(C2)C1,ENAMINE-REAL : Z6294937849,espsim_electrostatic,0.45454545454545453,enamine-real
NCCCC[C@H](N[C@@H](CCC1=CC=CC=C1)C(O)=O)C(=O)N1CCC[C@H]1C(O)=O,RLAWWYSOJDYHDC-BZSNNMDCSA-N,C[C@H](N[C@@H](CCC1=CC=CC=C1)C(=O)O)C(=O)N1CCC(C2CC2)C1,ENAMINE-REAL : Z6294944514,espsim_electrostatic,0.45454545454545453,enamine-real
NCCCC[C@H](N[C@@H](CCC1=CC=CC=C1)C(O)=O)C(=O)N1CCC[C@H]1C(O)=O,RLAWWYSOJDYHDC-BZSNNMDCSA-N,C[C@H](N[C@@H](CCC1=CC=CC=C1)C(=O)O)C(=O)N1CCCCCC1C1=CC=CO1,ENAMINE-REAL : Z6294011306,espsim_electrostatic,0.4520547945205479,enamine-real
NCCCC[C@H](N[C@@H](CCC1=CC=CC=C1)C(O)=O)C(=O)N1CCC[C@H]1C(O)=O,RLAWWYSOJDYHDC-BZSNNMDCSA-N,C[C@H](N[C@@H](CCC1=CC=CC=C1)C(=O)O)C(=O)N1CCCCC(CO)C1,ENAMINE-REAL : Z6295652414,espsim_electrostatic,0.4492753623188406,enamine-real
NCCCC[C@H](N[C@@H](CCC1=CC=CC=C1)C(O)=O)C(=O)N1CCC[C@H]1C(O)=O,RLAWWYSOJDYHDC-BZSNNMDCSA-N,C[C@H](N[C@@H](CCC1=CC=CC=C1)C(=O)O)C(=O)N1CC2CCC(C2)C1,ENAMINE-REAL : Z6294796731,espsim_electrostatic,0.4461538461538462,enamine-real
NCCCC[C@H](N[C@@H](CCC1=CC=CC=C1)C(O)=O)C(=O)N1CCC[C@H]1C(O)=O,RLAWWYSOJDYHDC-BZSNNMDCSA-N,C[C@H](N[C@@H](CCC1=CC=CC=C1)C(=O)O)C(=O)N1CC2CC1C2,ENAMINE-REAL : Z6296061468,espsim_electrostatic,0.4461538461538462,enamine-real
NCCCC[C@H](N[C@@H](CCC1=CC=CC=C1)C(O)=O)C(=O)N1CCC[C@H]1C(O)=O,RLAWWYSOJDYHDC-BZSNNMDCSA-N,C[C@H](N[C@@H](CCC1=CC=CC=C1)C(=O)O)C(=O)N1CCCC(OCCO)C1,ENAMINE-REAL : Z6295474962,espsim_electrostatic,0.4444444444444444,enamine-real
NCCCC[C@H](N[C@@H](CCC1=CC=CC=C1)C(O)=O)C(=O)N1CCC[C@H]1C(O)=O,RLAWWYSOJDYHDC-BZSNNMDCSA-N,COC1CCN(C(=O)[C@H](C)N[C@@H](CCC2=CC=CC=C2)C(=O)O)C1(C)C,ENAMINE-REAL : Z6296646080,espsim_electrostatic,0.44285714285714284,enamine-real
NCCCC[C@H](N[C@@H](CCC1=CC=CC=C1)C(O)=O)C(=O)N1CCC[C@H]1C(O)=O,RLAWWYSOJDYHDC-BZSNNMDCSA-N,C[C@H](N[C@@H](CCC1=CC=CC=C1)C(=O)O)C(=O)N(C)[C@@H]1CCCN(C)C1,ENAMINE-REAL : Z6296750436,espsim_electrostatic,0.44285714285714284,enamine-real
NCCCC[C@H](N[C@@H](CCC1=CC=CC=C1)C(O)=O)C(=O)N1CCC[C@H]1C(O)=O,RLAWWYSOJDYHDC-BZSNNMDCSA-N,C[C@H](N[C@@H](CCC1=CC=CC=C1)C(=O)O)C(=O)N(C)C1CCCN(C)C1,ENAMINE-REAL : Z6295413620,espsim_electrostatic,0.44285714285714284,enamine-real
NCCCC[C@H](N[C@@H](CCC1=CC=CC=C1)C(O)=O)C(=O)N1CCC[C@H]1C(O)=O,RLAWWYSOJDYHDC-BZSNNMDCSA-N,C[C@H](N[C@@H](CCC1=CC=CC=C1)C(=O)O)C(=O)N1CCC(CN2CCCC2)C1,ENAMINE-REAL : Z6295613265,espsim_electrostatic,0.44285714285714284,enamine-real
NCCCC[C@H](N[C@@H](CCC1=CC=CC=C1)C(O)=O)C(=O)N1CCC[C@H]1C(O)=O,RLAWWYSOJDYHDC-BZSNNMDCSA-N,C[C@H](N[C@@H](CCC1=CC=CC=C1)C(=O)O)C(=O)N1CCC(O)(C2CC2)C1,ENAMINE-REAL : Z6295624553,espsim_electrostatic,0.44285714285714284,enamine-real
NCCCC[C@H](N[C@@H](CCC1=CC=CC=C1)C(O)=O)C(=O)N1CCC[C@H]1C(O)=O,RLAWWYSOJDYHDC-BZSNNMDCSA-N,CCCCC1CCN(C(=O)[C@H](C)N[C@@H](CCC2=CC=CC=C2)C(=O)O)C1,ENAMINE-REAL : Z6296935189,espsim_electrostatic,0.44285714285714284,enamine-real
NCCCC[C@H](N[C@@H](CCC1=CC=CC=C1)C(O)=O)C(=O)N1CCC[C@H]1C(O)=O,RLAWWYSOJDYHDC-BZSNNMDCSA-N,C[C@H](N[C@@H](CCC1=CC=CC=C1)C(=O)O)C(=O)N1CCC(O)C12CCC2,ENAMINE-REAL : Z6296592309,espsim_electrostatic,0.44285714285714284,enamine-real
NCCCC[C@H](N[C@@H](CCC1=CC=CC=C1)C(O)=O)C(=O)N1CCC[C@H]1C(O)=O,RLAWWYSOJDYHDC-BZSNNMDCSA-N,C[C@H](N[C@@H](CCC1=CC=CC=C1)C(=O)O)C(=O)N1CCCC[C@H](N(C)C)C1,ENAMINE-REAL : Z6296408923,espsim_electrostatic,0.44285714285714284,enamine-real
NCCCC[C@H](N[C@@H](CCC1=CC=CC=C1)C(O)=O)C(=O)N1CCC[C@H]1C(O)=O,RLAWWYSOJDYHDC-BZSNNMDCSA-N,C[C@H](N[C@@H](CCC1=CC=CC=C1)C(=O)O)C(=O)N1CCCCC(N(C)C)C1,ENAMINE-REAL : Z6296271183,espsim_electrostatic,0.44285714285714284,enamine-real
NCCCC[C@H](N[C@@H](CCC1=CC=CC=C1)C(O)=O)C(=O)N1CCC[C@H]1C(O)=O,RLAWWYSOJDYHDC-BZSNNMDCSA-N,C[C@H](N[C@@H](CCC1=CC=CC=C1)C(=O)O)C(=O)N1CC(CC2CC2)C1,ENAMINE-REAL : Z6294853611,espsim_electrostatic,0.4393939393939394,enamine-real
NCCCC[C@H](N[C@@H](CCC1=CC=CC=C1)C(O)=O)C(=O)N1CCC[C@H]1C(O)=O,RLAWWYSOJDYHDC-BZSNNMDCSA-N,CC(NC(=O)[C@H](C)N[C@@H](CCC1=CC=CC=C1)C(=O)O)C(=O)N1CCCC1,ENAMINE-REAL : Z6293893230,espsim_electrostatic,0.4393939393939394,enamine-real
NCCCC[C@H](N[C@@H](CCC1=CC=CC=C1)C(O)=O)C(=O)N1CCC[C@H]1C(O)=O,RLAWWYSOJDYHDC-BZSNNMDCSA-N,C[C@H](N[C@@H](CCC1=CC=CC=C1)C(=O)O)C(=O)N1CC2CC2C1,ENAMINE-REAL : Z6295321666,espsim_electrostatic,0.4375,enamine-real
NCCCC[C@H](N[C@@H](CCC1=CC=CC=C1)C(O)=O)C(=O)N1CCC[C@H]1C(O)=O,RLAWWYSOJDYHDC-BZSNNMDCSA-N,C[C@H](N[C@@H](CCC1=CC=CC=C1)C(=O)O)C(=O)N(C)C[C@@H]1CCCN1C,ENAMINE-REAL : Z6296776638,espsim_electrostatic,0.43661971830985913,enamine-real
NCCCC[C@H](N[C@@H](CCC1=CC=CC=C1)C(O)=O)C(=O)N1CCC[C@H]1C(O)=O,RLAWWYSOJDYHDC-BZSNNMDCSA-N,C[C@H](N[C@@H](CCC1=CC=CC=C1)C(=O)O)C(=O)N1CCOCCC1C1CC1,ENAMINE-REAL : Z6296471923,espsim_electrostatic,0.43661971830985913,enamine-real
NCCCC[C@H](N[C@@H](CCC1=CC=CC=C1)C(O)=O)C(=O)N1CCC[C@H]1C(O)=O,RLAWWYSOJDYHDC-BZSNNMDCSA-N,CC(C)N1CCCC(CNC(=O)[C@H](C)N[C@@H](CCC2=CC=CC=C2)C(=O)O)C1,ENAMINE-REAL : Z6295381031,espsim_electrostatic,0.43661971830985913,enamine-real
NCCCC[C@H](N[C@@H](CCC1=CC=CC=C1)C(O)=O)C(=O)N1CCC[C@H]1C(O)=O,RLAWWYSOJDYHDC-BZSNNMDCSA-N,C[C@H](N[C@@H](CCC1=CC=CC=C1)C(=O)O)C(=O)N(C)CC1CCCN1C,ENAMINE-REAL : Z6295606950,espsim_electrostatic,0.43661971830985913,enamine-real
NCCCC[C@H](N[C@@H](CCC1=CC=CC=C1)C(O)=O)C(=O)N1CCC[C@H]1C(O)=O,RLAWWYSOJDYHDC-BZSNNMDCSA-N,C[C@H](N[C@@H](CCC1=CC=CC=C1)C(=O)O)C(=O)N(C)C[C@H]1CCCN1C,ENAMINE-REAL : Z6296854678,espsim_electrostatic,0.43661971830985913,enamine-real
NCCCC[C@H](N[C@@H](CCC1=CC=CC=C1)C(O)=O)C(=O)N1CCC[C@H]1C(O)=O,RLAWWYSOJDYHDC-BZSNNMDCSA-N,C[C@H](N[C@@H](CCC1=CC=CC=C1)C(=O)O)C(=O)N1CCC(C(C)(C)O)C1,ENAMINE-REAL : Z6296519687,espsim_electrostatic,0.43478260869565216,enamine-real
NCCCC[C@H](N[C@@H](CCC1=CC=CC=C1)C(O)=O)C(=O)N1CCC[C@H]1C(O)=O,RLAWWYSOJDYHDC-BZSNNMDCSA-N,C[C@H](N[C@@H](CCC1=CC=CC=C1)C(=O)O)C(=O)N1CCCC2(C=C2)C1,ENAMINE-REAL : Z6296894867,espsim_electrostatic,0.43478260869565216,enamine-real
NCCCC[C@H](N[C@@H](CCC1=CC=CC=C1)C(O)=O)C(=O)N1CCC[C@H]1C(O)=O,RLAWWYSOJDYHDC-BZSNNMDCSA-N,C[C@H](N[C@@H](CCC1=CC=CC=C1)C(=O)O)C(=O)N1CCC(O)C12CC2,ENAMINE-REAL : Z6296520111,espsim_electrostatic,0.43478260869565216,enamine-real
NCCCC[C@H](N[C@@H](CCC1=CC=CC=C1)C(O)=O)C(=O)N1CCC[C@H]1C(O)=O,RLAWWYSOJDYHDC-BZSNNMDCSA-N,CC(C)C(NC(=O)[C@H](C)N[C@@H](CCC1=CC=CC=C1)C(=O)O)C1CCC1,ENAMINE-REAL : Z6296836724,espsim_electrostatic,0.43283582089552236,enamine-real
NCCCC[C@H](N[C@@H](CCC1=CC=CC=C1)C(O)=O)C(=O)N1CCC[C@H]1C(O)=O,RLAWWYSOJDYHDC-BZSNNMDCSA-N,C[C@H](N[C@@H](CCC1=CC=CC=C1)C(=O)O)C(=O)N1CCCC1(C)C,ENAMINE-REAL : Z6294016140,espsim_electrostatic,0.43283582089552236,enamine-real
NCCCC[C@H](N[C@@H](CCC1=CC=CC=C1)C(O)=O)C(=O)N1CCC[C@H]1C(O)=O,RLAWWYSOJDYHDC-BZSNNMDCSA-N,C[C@H](N[C@@H](CCC1=CC=CC=C1)C(=O)O)C(=O)N1[C@H]2CC[C@@H]1C[C@H](O)C2,ENAMINE-REAL : Z6296273878,espsim_electrostatic,0.43283582089552236,enamine-real
NCCCC[C@H](N[C@@H](CCC1=CC=CC=C1)C(O)=O)C(=O)N1CCC[C@H]1C(O)=O,RLAWWYSOJDYHDC-BZSNNMDCSA-N,CC(C)(C)OC(=O)N[C@H](CCC1=CC=CC=C1)C(=O)N1CCCC1C(=O)O,ENAMINE-REAL : PV-007652580291,espsim_shape,0.578125,enamine-real
NCCCC[C@H](N[C@@H](CCC1=CC=CC=C1)C(O)=O)C(=O)N1CCC[C@H]1C(O)=O,RLAWWYSOJDYHDC-BZSNNMDCSA-N,CC(C)(C)OC(=O)N[C@H](CCC1=CC=CC=C1)C(=O)N1CCC[C@@H]1C(=O)O,ENAMINE-REAL : PV-007652580294,espsim_shape,0.578125,enamine-real
NCCCC[C@H](N[C@@H](CCC1=CC=CC=C1)C(O)=O)C(=O)N1CCC[C@H]1C(O)=O,RLAWWYSOJDYHDC-BZSNNMDCSA-N,CC(C)(C)OC(=O)N[C@@H](CCC1=CC=CC=C1)C(=O)N1CCC[C@@H]1C(=O)O,ENAMINE-REAL : PV-007652580295,espsim_shape,0.578125,enamine-real
NCCCC[C@H](N[C@@H](CCC1=CC=CC=C1)C(O)=O)C(=O)N1CCC[C@H]1C(O)=O,RLAWWYSOJDYHDC-BZSNNMDCSA-N,CC(C)(C)OC(=O)N[C@H](CCC1=CC=CC=C1)C(=O)N1CCC[C@H]1C(=O)O,ENAMINE-REAL : PV-007652580292,espsim_shape,0.578125,enamine-real
NCCCC[C@H](N[C@@H](CCC1=CC=CC=C1)C(O)=O)C(=O)N1CCC[C@H]1C(O)=O,RLAWWYSOJDYHDC-BZSNNMDCSA-N,CC(C)(C)OC(=O)N[C@@H](CCC1=CC=CC=C1)C(=O)N1CCC[C@H]1C(=O)O,ENAMINE-REAL : PV-007652580293,espsim_shape,0.578125,enamine-real
NCCCC[C@H](N[C@@H](CCC1=CC=CC=C1)C(O)=O)C(=O)N1CCC[C@H]1C(O)=O,RLAWWYSOJDYHDC-BZSNNMDCSA-N,CC(C)(C)OC(=O)N[C@@H](CCC1=CC=CC=C1)C(=O)N1CCCC1C(=O)O,ENAMINE-REAL : PV-007652580296,espsim_shape,0.578125,enamine-real
NCCCC[C@H](N[C@@H](CCC1=CC=CC=C1)C(O)=O)C(=O)N1CCC[C@H]1C(O)=O,RLAWWYSOJDYHDC-BZSNNMDCSA-N,CC(=O)N[C@H](CCc1ccccc1)C(=O)N1CCC[C@H]1C(C)=O,ZINC15 : ZINC001182770985,espsim_shape,0.5573770491803278,zinc15
NCCCC[C@H](N[C@@H](CCC1=CC=CC=C1)C(O)=O)C(=O)N1CCC[C@H]1C(O)=O,RLAWWYSOJDYHDC-BZSNNMDCSA-N,C[C@H](N[C@@H](CCC1=CC=CC=C1)C(=O)O)C(=O)N1CCC[C@H]1C,ENAMINE-REAL : Z6296325516,espsim_shape,0.5483870967741935,enamine-real
NCCCC[C@H](N[C@@H](CCC1=CC=CC=C1)C(O)=O)C(=O)N1CCC[C@H]1C(O)=O,RLAWWYSOJDYHDC-BZSNNMDCSA-N,C[C@H](N[C@@H](CCC1=CC=CC=C1)C(=O)O)C(=O)N1CCC[C@@H]1C,ENAMINE-REAL : Z6296406740,espsim_shape,0.5483870967741935,enamine-real
NCCCC[C@H](N[C@@H](CCC1=CC=CC=C1)C(O)=O)C(=O)N1CCC[C@H]1C(O)=O,RLAWWYSOJDYHDC-BZSNNMDCSA-N,C[C@H](N[C@@H](CCC1=CC=CC=C1)C(=O)O)C(=O)N1CCCC1C1CCC1,ENAMINE-REAL : Z6294230643,espsim_shape,0.53125,enamine-real
NCCCC[C@H](N[C@@H](CCC1=CC=CC=C1)C(O)=O)C(=O)N1CCC[C@H]1C(O)=O,RLAWWYSOJDYHDC-BZSNNMDCSA-N,C[C@H](N[C@H](CCc1ccccc1)C(=O)[O-])C(=O)N1CCC[C@@H]1C(=O)[O-],ZINC15 : ZINC000002244016,espsim_shape,0.5230769230769231,zinc15
NCCCC[C@H](N[C@@H](CCC1=CC=CC=C1)C(O)=O)C(=O)N1CCC[C@H]1C(O)=O,RLAWWYSOJDYHDC-BZSNNMDCSA-N,C[C@H](N[C@@H](CCC1=CC=CC=C1)C(=O)O)C(=O)N1CCC[C@H]1CF,ENAMINE-REAL : Z6296752675,espsim_shape,0.5230769230769231,enamine-real
NCCCC[C@H](N[C@@H](CCC1=CC=CC=C1)C(O)=O)C(=O)N1CCC[C@H]1C(O)=O,RLAWWYSOJDYHDC-BZSNNMDCSA-N,C[C@H](N[C@H](CCc1ccccc1)C(=O)[O-])C(=O)N1CCC[C@H]1C(=O)[O-],ZINC15 : ZINC000001854211,espsim_shape,0.5230769230769231,zinc15
NCCCC[C@H](N[C@@H](CCC1=CC=CC=C1)C(O)=O)C(=O)N1CCC[C@H]1C(O)=O,RLAWWYSOJDYHDC-BZSNNMDCSA-N,C[C@H](N[C@@H](CCc1ccccc1)C(=O)[O-])C(=O)N1CCC[C@H]1C(=O)[O-],ZINC15 : ZINC000003812851,espsim_shape,0.5230769230769231,zinc15
NCCCC[C@H](N[C@@H](CCC1=CC=CC=C1)C(O)=O)C(=O)N1CCC[C@H]1C(O)=O,RLAWWYSOJDYHDC-BZSNNMDCSA-N,C[C@H](N[C@@H](CCC1=CC=CC=C1)C(=O)O)C(=O)N1CCC[C@H]1C(F)(F)F,ENAMINE-REAL : Z6295970054,espsim_shape,0.5151515151515151,enamine-real
NCCCC[C@H](N[C@@H](CCC1=CC=CC=C1)C(O)=O)C(=O)N1CCC[C@H]1C(O)=O,RLAWWYSOJDYHDC-BZSNNMDCSA-N,C[C@H](N[C@@H](CCC1=CC=CC=C1)C(=O)O)C(=O)N1CCCC1C1(C)CC1,ENAMINE-REAL : Z6296728145,espsim_shape,0.5074626865671642,enamine-real
NCCCC[C@H](N[C@@H](CCC1=CC=CC=C1)C(O)=O)C(=O)N1CCC[C@H]1C(O)=O,RLAWWYSOJDYHDC-BZSNNMDCSA-N,C[C@H](N[C@@H](CCC1=CC=CC=C1)C(=O)O)C(=O)N1CCCCC1C1CCC1,ENAMINE-REAL : Z6294689181,espsim_shape,0.5,enamine-real
NCCCC[C@H](N[C@@H](CCC1=CC=CC=C1)C(O)=O)C(=O)N1CCC[C@H]1C(O)=O,RLAWWYSOJDYHDC-BZSNNMDCSA-N,CCOC(=O)[C@H](CCc1ccccc1)N[C@@H](C)C(=O)N1CCC[C@@H]1C(=O)[O-],ZINC15 : ZINC000003814199,espsim_shape,0.4927536231884058,zinc15
NCCCC[C@H](N[C@@H](CCC1=CC=CC=C1)C(O)=O)C(=O)N1CCC[C@H]1C(O)=O,RLAWWYSOJDYHDC-BZSNNMDCSA-N,CCOC(=O)[C@@H](CCc1ccccc1)N[C@@H](C)C(=O)N1CCC[C@@H]1C(=O)[O-],ZINC15 : ZINC000003830748,espsim_shape,0.4927536231884058,zinc15
NCCCC[C@H](N[C@@H](CCC1=CC=CC=C1)C(O)=O)C(=O)N1CCC[C@H]1C(O)=O,RLAWWYSOJDYHDC-BZSNNMDCSA-N,CCOC(=O)[C@H](CCc1ccccc1)N[C@H](C)C(=O)N1CCC[C@@H]1C(=O)[O-],ZINC15 : ZINC000003830750,espsim_shape,0.4927536231884058,zinc15
NCCCC[C@H](N[C@@H](CCC1=CC=CC=C1)C(O)=O)C(=O)N1CCC[C@H]1C(O)=O,RLAWWYSOJDYHDC-BZSNNMDCSA-N,CCOC(=O)[C@@H](CCc1ccccc1)N[C@H](C)C(=O)N1CCC[C@@H]1C(=O)[O-],ZINC15 : ZINC000003830749,espsim_shape,0.4927536231884058,zinc15
NCCCC[C@H](N[C@@H](CCC1=CC=CC=C1)C(O)=O)C(=O)N1CCC[C@H]1C(O)=O,RLAWWYSOJDYHDC-BZSNNMDCSA-N,CCOC(=O)[C@@H](CCc1ccccc1)N[C@H](C)C(=O)N1CCC[C@H]1C(=O)[O-],ZINC15 : ZINC000005650621,espsim_shape,0.4927536231884058,zinc15
NCCCC[C@H](N[C@@H](CCC1=CC=CC=C1)C(O)=O)C(=O)N1CCC[C@H]1C(O)=O,RLAWWYSOJDYHDC-BZSNNMDCSA-N,CCOC(=O)[C@H](CCc1ccccc1)N[C@@H](C)C(=O)N1CCC[C@H]1C(=O)[O-],ZINC15 : ZINC000003791297,espsim_shape,0.4927536231884058,zinc15
NCCCC[C@H](N[C@@H](CCC1=CC=CC=C1)C(O)=O)C(=O)N1CCC[C@H]1C(O)=O,RLAWWYSOJDYHDC-BZSNNMDCSA-N,CCOC(=O)[C@H](CCc1ccccc1)N[C@H](C)C(=O)N1CCC[C@H]1C(=O)[O-],ZINC15 : ZINC000003957109,espsim_shape,0.4927536231884058,zinc15
NCCCC[C@H](N[C@@H](CCC1=CC=CC=C1)C(O)=O)C(=O)N1CCC[C@H]1C(O)=O,RLAWWYSOJDYHDC-BZSNNMDCSA-N,CCOC(=O)[C@@H](CCc1ccccc1)N[C@@H](C)C(=O)N1CCC[C@H]1C(=O)[O-],ZINC15 : ZINC000012503119,espsim_shape,0.4927536231884058,zinc15
NCCCC[C@H](N[C@@H](CCC1=CC=CC=C1)C(O)=O)C(=O)N1CCC[C@H]1C(O)=O,RLAWWYSOJDYHDC-BZSNNMDCSA-N,C[C@H](N[C@@H](CCC1=CC=CC=C1)C(=O)O)C(=O)N1CCCCC1C(F)F,ENAMINE-REAL : Z6294930947,espsim_shape,0.4925373134328358,enamine-real
NCCCC[C@H](N[C@@H](CCC1=CC=CC=C1)C(O)=O)C(=O)N1CCC[C@H]1C(O)=O,RLAWWYSOJDYHDC-BZSNNMDCSA-N,C[C@H](N[C@@H](CCC1=CC=CC=C1)C(=O)O)C(=O)N1CCCCC1CF,ENAMINE-REAL : Z6296702313,espsim_shape,0.4925373134328358,enamine-real
NCCCC[C@H](N[C@@H](CCC1=CC=CC=C1)C(O)=O)C(=O)N1CCC[C@H]1C(O)=O,RLAWWYSOJDYHDC-BZSNNMDCSA-N,C[C@H](N[C@@H](CCC1=CC=CC=C1)C(=O)O)C(=O)N1CCC[C@H](O)C1,ENAMINE-REAL : Z6295492976,espsim_shape,0.49230769230769234,enamine-real
NCCCC[C@H](N[C@@H](CCC1=CC=CC=C1)C(O)=O)C(=O)N1CCC[C@H]1C(O)=O,RLAWWYSOJDYHDC-BZSNNMDCSA-N,C[C@H](N[C@@H](CCC1=CC=CC=C1)C(=O)O)C(=O)N1CCCC(O)C1,ENAMINE-REAL : Z6295222173,espsim_shape,0.49230769230769234,enamine-real
NCCCC[C@H](N[C@@H](CCC1=CC=CC=C1)C(O)=O)C(=O)N1CCC[C@H]1C(O)=O,RLAWWYSOJDYHDC-BZSNNMDCSA-N,CC(C)(C)OC(=O)NC(CCC1=CC=NC=C1)C(=O)N1CCC[C@@H]1C(=O)O,ENAMINE-REAL : PV-008127713415,espsim_shape,0.4857142857142857,enamine-real
NCCCC[C@H](N[C@@H](CCC1=CC=CC=C1)C(O)=O)C(=O)N1CCC[C@H]1C(O)=O,RLAWWYSOJDYHDC-BZSNNMDCSA-N,CC(C)(C)OC(=O)NC(CCC1=CC=NC=C1)C(=O)N1CCCC1C(=O)O,ENAMINE-REAL : PV-008127713414,espsim_shape,0.4857142857142857,enamine-real
NCCCC[C@H](N[C@@H](CCC1=CC=CC=C1)C(O)=O)C(=O)N1CCC[C@H]1C(O)=O,RLAWWYSOJDYHDC-BZSNNMDCSA-N,CC(C)(C)OC(=O)NC(CCC1=CC=NC=C1)C(=O)N1CCC[C@H]1C(=O)O,ENAMINE-REAL : PV-008127713413,espsim_shape,0.4857142857142857,enamine-real
NCCCC[C@H](N[C@@H](CCC1=CC=CC=C1)C(O)=O)C(=O)N1CCC[C@H]1C(O)=O,RLAWWYSOJDYHDC-BZSNNMDCSA-N,C[C@H](N[C@@H](CCC1=CC=CC=C1)C(=O)O)C(=O)N1CCC[C@H](CO)C1,ENAMINE-REAL : Z6296553580,espsim_shape,0.47761194029850745,enamine-real
NCCCC[C@H](N[C@@H](CCC1=CC=CC=C1)C(O)=O)C(=O)N1CCC[C@H]1C(O)=O,RLAWWYSOJDYHDC-BZSNNMDCSA-N,C[C@H](N[C@@H](CCC1=CC=CC=C1)C(=O)O)C(=O)N1CCC[C@@H](CO)C1,ENAMINE-REAL : Z6296553491,espsim_shape,0.47761194029850745,enamine-real
NCCCC[C@H](N[C@@H](CCC1=CC=CC=C1)C(O)=O)C(=O)N1CCC[C@H]1C(O)=O,RLAWWYSOJDYHDC-BZSNNMDCSA-N,C[C@H](N[C@@H](CCC1=CC=CC=C1)C(=O)O)C(=O)N1CCCC(CO)C1,ENAMINE-REAL : Z6295224788,espsim_shape,0.47761194029850745,enamine-real
NCCCC[C@H](N[C@@H](CCC1=CC=CC=C1)C(O)=O)C(=O)N1CCC[C@H]1C(O)=O,RLAWWYSOJDYHDC-BZSNNMDCSA-N,C[C@H](N[C@@H](CCC1=CC=CC=C1)C(=O)O)C(=O)N1CCCC1,ENAMINE-REAL : Z6293627130,espsim_shape,0.47540983606557374,enamine-real
NCCCC[C@H](N[C@@H](CCC1=CC=CC=C1)C(O)=O)C(=O)N1CCC[C@H]1C(O)=O,RLAWWYSOJDYHDC-BZSNNMDCSA-N,C[C@H](N[C@@H](CCC1=CC=CC=C1)C(=O)O)C(=O)N1CCCC(CF)C1,ENAMINE-REAL : Z6295061452,espsim_shape,0.47058823529411764,enamine-real
NCCCC[C@H](N[C@@H](CCC1=CC=CC=C1)C(O)=O)C(=O)N1CCC[C@H]1C(O)=O,RLAWWYSOJDYHDC-BZSNNMDCSA-N,C[C@H](N[C@@H](CCC1=CC=CC=C1)C(=O)O)C(=O)N1CCC2CCC1C2,ENAMINE-REAL : Z6296579859,espsim_shape,0.4696969696969697,enamine-real
NCCCC[C@H](N[C@@H](CCC1=CC=CC=C1)C(O)=O)C(=O)N1CCC[C@H]1C(O)=O,RLAWWYSOJDYHDC-BZSNNMDCSA-N,C[C@H](N[C@@H](CCC1=CC=CC=C1)C(=O)O)C(=O)N1C[C@H]2CCC[C@H]2C1,ENAMINE-REAL : Z6295838634,espsim_shape,0.46875,enamine-real
NCCCC[C@H](N[C@@H](CCC1=CC=CC=C1)C(O)=O)C(=O)N1CCC[C@H]1C(O)=O,RLAWWYSOJDYHDC-BZSNNMDCSA-N,C[C@H](N[C@@H](CCC1=CC=CC=C1)C(=O)O)C(=O)N1CCC(O)CC1,ENAMINE-REAL : Z6295234634,espsim_shape,0.46875,enamine-real
NCCCC[C@H](N[C@@H](CCC1=CC=CC=C1)C(O)=O)C(=O)N1CCC[C@H]1C(O)=O,RLAWWYSOJDYHDC-BZSNNMDCSA-N,C[C@H](N[C@@H](CCC1=CC=CC=C1)C(=O)O)C(=O)N1CCC(F)CC1,ENAMINE-REAL : Z6295061614,espsim_shape,0.46875,enamine-real
NCCCC[C@H](N[C@@H](CCC1=CC=CC=C1)C(O)=O)C(=O)N1CCC[C@H]1C(O)=O,RLAWWYSOJDYHDC-BZSNNMDCSA-N,C[C@H](N[C@@H](CCC1=CC=CC=C1)C(=O)O)C(=O)N1CCCCCC1,ENAMINE-REAL : Z6293625829,espsim_shape,0.46774193548387094,enamine-real
NCCCC[C@H](N[C@@H](CCC1=CC=CC=C1)C(O)=O)C(=O)N1CCC[C@H]1C(O)=O,RLAWWYSOJDYHDC-BZSNNMDCSA-N,C[C@H](N[C@@H](CCC1=CC=CC=C1)C(=O)O)C(=O)N1C2CCC1CC2,ENAMINE-REAL : Z6295254338,espsim_shape,0.46774193548387094,enamine-real
NCCCC[C@H](N[C@@H](CCC1=CC=CC=C1)C(O)=O)C(=O)N1CCC[C@H]1C(O)=O,RLAWWYSOJDYHDC-BZSNNMDCSA-N,[NH3+]CCCC[C@@H]([NH2+][C@@H](CCc1ccccc1)C(=O)[O-])C(=O)N1CCC[C@@H]1C(=O)[O-],ZINC15 : ZINC000003873146,espsim_shape,0.4647887323943662,zinc15
NCCCC[C@H](N[C@@H](CCC1=CC=CC=C1)C(O)=O)C(=O)N1CCC[C@H]1C(O)=O,RLAWWYSOJDYHDC-BZSNNMDCSA-N,[NH3+]CCCC[C@H]([NH2+][C@@H](CCc1ccccc1)C(=O)[O-])C(=O)N1CCC[C@H]1C(=O)[O-],ZINC15 : ZINC000003812863,espsim_shape,0.4647887323943662,zinc15
NCCCC[C@H](N[C@@H](CCC1=CC=CC=C1)C(O)=O)C(=O)N1CCC[C@H]1C(O)=O,RLAWWYSOJDYHDC-BZSNNMDCSA-N,CCOC(=O)[C@H](CCc1ccccc1)N[C@@H](C)C(=O)N1CCCC[C@H]1C(=O)[O-],ZINC15 : ZINC000144709977,espsim_shape,0.4647887323943662,zinc15
NCCCC[C@H](N[C@@H](CCC1=CC=CC=C1)C(O)=O)C(=O)N1CCC[C@H]1C(O)=O,RLAWWYSOJDYHDC-BZSNNMDCSA-N,CCOC(=O)[C@H](CCc1ccccc1)N[C@@H](C)C(=O)N1CCCC[C@@H]1C(=O)[O-],ZINC15 : ZINC000216159042,espsim_shape,0.4647887323943662,zinc15
NCCCC[C@H](N[C@@H](CCC1=CC=CC=C1)C(O)=O)C(=O)N1CCC[C@H]1C(O)=O,RLAWWYSOJDYHDC-BZSNNMDCSA-N,[NH3+]CCCC[C@H]([NH2+][C@H](CCc1ccccc1)C(=O)[O-])C(=O)N1CCC[C@H]1C(=O)[O-],ZINC15 : ZINC000005851734,espsim_shape,0.4647887323943662,zinc15
NCCCC[C@H](N[C@@H](CCC1=CC=CC=C1)C(O)=O)C(=O)N1CCC[C@H]1C(O)=O,RLAWWYSOJDYHDC-BZSNNMDCSA-N,[NH3+]CCCC[C@H]([NH2+][C@@H](CCc1ccccc1)C(=O)[O-])C(=O)N1CCC[C@@H]1C(=O)[O-],ZINC15 : ZINC000003873144,espsim_shape,0.4647887323943662,zinc15
NCCCC[C@H](N[C@@H](CCC1=CC=CC=C1)C(O)=O)C(=O)N1CCC[C@H]1C(O)=O,RLAWWYSOJDYHDC-BZSNNMDCSA-N,[NH3+]CCCC[C@@H]([NH2+][C@H](CCc1ccccc1)C(=O)[O-])C(=O)N1CCC[C@@H]1C(=O)[O-],ZINC15 : ZINC000003873147,espsim_shape,0.4647887323943662,zinc15
NCCCC[C@H](N[C@@H](CCC1=CC=CC=C1)C(O)=O)C(=O)N1CCC[C@H]1C(O)=O,RLAWWYSOJDYHDC-BZSNNMDCSA-N,[NH3+]CCCC[C@@H]([NH2+][C@@H](CCc1ccccc1)C(=O)[O-])C(=O)N1CCC[C@H]1C(=O)[O-],ZINC15 : ZINC000009212370,espsim_shape,0.4647887323943662,zinc15
NCCCC[C@H](N[C@@H](CCC1=CC=CC=C1)C(O)=O)C(=O)N1CCC[C@H]1C(O)=O,RLAWWYSOJDYHDC-BZSNNMDCSA-N,[NH3+]CCCC[C@H]([NH2+][C@H](CCc1ccccc1)C(=O)[O-])C(=O)N1CCC[C@@H]1C(=O)[O-],ZINC15 : ZINC000003873145,espsim_shape,0.4647887323943662,zinc15
NCCCC[C@H](N[C@@H](CCC1=CC=CC=C1)C(O)=O)C(=O)N1CCC[C@H]1C(O)=O,RLAWWYSOJDYHDC-BZSNNMDCSA-N,C[C@H](N[C@@H](CCC1=CC=CC=C1)C(=O)O)C(=O)N1C2CCCC1C2,ENAMINE-REAL : Z6296964919,espsim_shape,0.46153846153846156,enamine-real
NCCCC[C@H](N[C@@H](CCC1=CC=CC=C1)C(O)=O)C(=O)N1CCC[C@H]1C(O)=O,RLAWWYSOJDYHDC-BZSNNMDCSA-N,C[C@H](N[C@@H](CCC1=CC=CC=C1)C(=O)O)C(=O)N1CC[C@H](O)C1,ENAMINE-REAL : Z6295297861,espsim_shape,0.46153846153846156,enamine-real
NCCCC[C@H](N[C@@H](CCC1=CC=CC=C1)C(O)=O)C(=O)N1CCC[C@H]1C(O)=O,RLAWWYSOJDYHDC-BZSNNMDCSA-N,C[C@H](N[C@@H](CCC1=CC=CC=C1)C(=O)O)C(=O)N1CC[C@@H](O)C1,ENAMINE-REAL : Z6295426126,espsim_shape,0.46153846153846156,enamine-real
NCCCC[C@H](N[C@@H](CCC1=CC=CC=C1)C(O)=O)C(=O)N1CCC[C@H]1C(O)=O,RLAWWYSOJDYHDC-BZSNNMDCSA-N,C[C@H](N[C@@H](CCC1=CC=CC=C1)C(=O)O)C(=O)N1CC2CCC1CC2,ENAMINE-REAL : Z6296875018,espsim_shape,0.46153846153846156,enamine-real
NCCCC[C@H](N[C@@H](CCC1=CC=CC=C1)C(O)=O)C(=O)N1CCC[C@H]1C(O)=O,RLAWWYSOJDYHDC-BZSNNMDCSA-N,CC(=O)N1CCC[C@@H]1C(=O)NC(CCc1ccccc1)CCc1ccccc1,ZINC15 : ZINC000162352610,espsim_shape,0.4603174603174603,zinc15
NCCCC[C@H](N[C@@H](CCC1=CC=CC=C1)C(O)=O)C(=O)N1CCC[C@H]1C(O)=O,RLAWWYSOJDYHDC-BZSNNMDCSA-N,CC(=O)N1CCC[C@H]1C(=O)NC(CCc1ccccc1)CCc1ccccc1,ZINC15 : ZINC000153257806,espsim_shape,0.4603174603174603,zinc15
NCCCC[C@H](N[C@@H](CCC1=CC=CC=C1)C(O)=O)C(=O)N1CCC[C@H]1C(O)=O,RLAWWYSOJDYHDC-BZSNNMDCSA-N,C[C@H](N[C@@H](CCC1=CC=CC=C1)C(=O)O)C(=O)N1C[C@H]2CC[C@H]2C1,ENAMINE-REAL : Z6295825350,espsim_shape,0.4603174603174603,enamine-real
NCCCC[C@H](N[C@@H](CCC1=CC=CC=C1)C(O)=O)C(=O)N1CCC[C@H]1C(O)=O,RLAWWYSOJDYHDC-BZSNNMDCSA-N,CCCCC(NC(CCC1=CC=CC=C1)C(=O)O)C1CCC1,ENAMINE-REAL : Z4250870392,espsim_shape,0.453125,enamine-real
NCCCC[C@H](N[C@@H](CCC1=CC=CC=C1)C(O)=O)C(=O)N1CCC[C@H]1C(O)=O,RLAWWYSOJDYHDC-BZSNNMDCSA-N,CC(C)(C)OC(=O)NC(CCC1=CC=CC=N1)C(=O)N1CCC[C@H]1C(=O)O,ENAMINE-REAL : PV-007989456910,espsim_shape,0.4520547945205479,enamine-real
NCCCC[C@H](N[C@@H](CCC1=CC=CC=C1)C(O)=O)C(=O)N1CCC[C@H]1C(O)=O,RLAWWYSOJDYHDC-BZSNNMDCSA-N,CC(C)(C)OC(=O)NC(CCC1=CC=CC=N1)C(=O)N1CCC[C@@H]1C(=O)O,ENAMINE-REAL : PV-007989456912,espsim_shape,0.4520547945205479,enamine-real
NCCCC[C@H](N[C@@H](CCC1=CC=CC=C1)C(O)=O)C(=O)N1CCC[C@H]1C(O)=O,RLAWWYSOJDYHDC-BZSNNMDCSA-N,CC(C)(C)OC(=O)NC(CCC1=CC=CC=N1)C(=O)N1CCCC1C(=O)O,ENAMINE-REAL : PV-007989456911,espsim_shape,0.4520547945205479,enamine-real
NCCCC[C@H](N[C@@H](CCC1=CC=CC=C1)C(O)=O)C(=O)N1CCC[C@H]1C(O)=O,RLAWWYSOJDYHDC-BZSNNMDCSA-N,CCOC(=O)[C@H](CCc1ccccc1)N[C@@H](C)C(=O)N1CCC[C@@H]1C,ZINC15 : ZINC000147203863,espsim_shape,0.4492753623188406,zinc15
NCCCC[C@H](N[C@@H](CCC1=CC=CC=C1)C(O)=O)C(=O)N1CCC[C@H]1C(O)=O,RLAWWYSOJDYHDC-BZSNNMDCSA-N,C[C@H](N[C@@H](CCC1=CC=CC=C1)C(=O)O)C(=O)N1CC2CCC1C2,ENAMINE-REAL : Z6293832962,espsim_shape,0.44776119402985076,enamine-real
NCCCC[C@H](N[C@@H](CCC1=CC=CC=C1)C(O)=O)C(=O)N1CCC[C@H]1C(O)=O,RLAWWYSOJDYHDC-BZSNNMDCSA-N,C[C@H](N[C@@H](CCC1=CC=CC=C1)C(=O)O)C(=O)N1CC[C@@H](CO)C1,ENAMINE-REAL : Z6296776302,espsim_shape,0.44776119402985076,enamine-real
NCCCC[C@H](N[C@@H](CCC1=CC=CC=C1)C(O)=O)C(=O)N1CCC[C@H]1C(O)=O,RLAWWYSOJDYHDC-BZSNNMDCSA-N,C[C@H](N[C@@H](CCC1=CC=CC=C1)C(=O)O)C(=O)N1CCC(CO)C1,ENAMINE-REAL : Z6295407895,espsim_shape,0.44776119402985076,enamine-real
NCCCC[C@H](N[C@@H](CCC1=CC=CC=C1)C(O)=O)C(=O)N1CCC[C@H]1C(O)=O,RLAWWYSOJDYHDC-BZSNNMDCSA-N,C[C@H](N[C@@H](CCC1=CC=CC=C1)C(=O)O)C(=O)N1C[C@H]2CC[C@@H]1C2,ENAMINE-REAL : Z6296674724,espsim_shape,0.44776119402985076,enamine-real
NCCCC[C@H](N[C@@H](CCC1=CC=CC=C1)C(O)=O)C(=O)N1CCC[C@H]1C(O)=O,RLAWWYSOJDYHDC-BZSNNMDCSA-N,C[C@H](N[C@@H](CCC1=CC=CC=C1)C(=O)O)C(=O)N1CCC(O)C12CCC2,ENAMINE-REAL : Z6296592309,espsim_shape,0.44285714285714284,enamine-real
NCCCC[C@H](N[C@@H](CCC1=CC=CC=C1)C(O)=O)C(=O)N1CCC[C@H]1C(O)=O,RLAWWYSOJDYHDC-BZSNNMDCSA-N,CCC[C@H](CCc1ccccc1)NC(=O)[C@@H]1CCCN1C(N)=O,ZINC15 : ZINC000294863420,espsim_shape,0.4411764705882353,zinc15
NCCCC[C@H](N[C@@H](CCC1=CC=CC=C1)C(O)=O)C(=O)N1CCC[C@H]1C(O)=O,RLAWWYSOJDYHDC-BZSNNMDCSA-N,CCC[C@@H](CCc1ccccc1)NC(=O)[C@@H]1CCCN1C(N)=O,ZINC15 : ZINC000294863426,espsim_shape,0.4411764705882353,zinc15
NCCCC[C@H](N[C@@H](CCC1=CC=CC=C1)C(O)=O)C(=O)N1CCC[C@H]1C(O)=O,RLAWWYSOJDYHDC-BZSNNMDCSA-N,C[C@H](N[C@@H](CCC1=CC=CC=C1)C(=O)O)C(=O)N1CCC(CF)C1,ENAMINE-REAL : Z6295062118,espsim_shape,0.4411764705882353,enamine-real
NCCCC[C@H](N[C@@H](CCC1=CC=CC=C1)C(O)=O)C(=O)N1CCC[C@H]1C(O)=O,RLAWWYSOJDYHDC-BZSNNMDCSA-N,CC(=O)N[C@H](CCc1ccccc1)C(=O)N1CCC[C@@H]1c1ccc(F)cc1F,ZINC15 : ZINC001182770842,espsim_shape,0.4383561643835616,zinc15
NCCCC[C@H](N[C@@H](CCC1=CC=CC=C1)C(O)=O)C(=O)N1CCC[C@H]1C(O)=O,RLAWWYSOJDYHDC-BZSNNMDCSA-N,CC(=O)N[C@H](CCc1ccccc1)C(=O)N1CCC[C@H]1c1ccc(F)cc1F,ZINC15 : ZINC001182770843,espsim_shape,0.4383561643835616,zinc15
NCCCC[C@H](N[C@@H](CCC1=CC=CC=C1)C(O)=O)C(=O)N1CCC[C@H]1C(O)=O,RLAWWYSOJDYHDC-BZSNNMDCSA-N,C[C@H](N[C@@H](CCC1=CC=CC=C1)C(=O)O)C(=O)N1CC2CC(C2)C1,ENAMINE-REAL : Z6296763665,espsim_shape,0.4375,enamine-real
NCCCC[C@H](N[C@@H](CCC1=CC=CC=C1)C(O)=O)C(=O)N1CCC[C@H]1C(O)=O,RLAWWYSOJDYHDC-BZSNNMDCSA-N,C[C@H](N[C@@H](CCC1=CC=CC=C1)C(=O)O)C(=O)N1CC2CC2C1,ENAMINE-REAL : Z6295321666,espsim_shape,0.4375,enamine-real
NCCCC[C@H](N[C@@H](CCC1=CC=CC=C1)C(O)=O)C(=O)N1CCC[C@H]1C(O)=O,RLAWWYSOJDYHDC-BZSNNMDCSA-N,C[C@H](N[C@@H](CCC1=CC=CC=C1)C(=O)O)C(=O)N1CCN(C)CC1,ENAMINE-REAL : Z6294140276,espsim_shape,0.4375,enamine-real
NCCCC[C@H](N[C@@H](CCC1=CC=CC=C1)C(O)=O)C(=O)N1CCC[C@H]1C(O)=O,RLAWWYSOJDYHDC-BZSNNMDCSA-N,C[C@H](N[C@@H](CCC1=CC=CC=C1)C(=O)O)C(=O)NC1CCC1,ENAMINE-REAL : Z6294194121,espsim_shape,0.4375,enamine-real
NCCCC[C@H](N[C@@H](CCC1=CC=CC=C1)C(O)=O)C(=O)N1CCC[C@H]1C(O)=O,RLAWWYSOJDYHDC-BZSNNMDCSA-N,CCOC(=O)[C@H](CCc1ccccc1)N[C@@H](C)C(=O)N1CCC[C@@H]1CO,ZINC15 : ZINC000221737934,espsim_shape,0.43661971830985913,zinc15
NCCCC[C@H](N[C@@H](CCC1=CC=CC=C1)C(O)=O)C(=O)N1CCC[C@H]1C(O)=O,RLAWWYSOJDYHDC-BZSNNMDCSA-N,CCOC(=O)[C@H](CCc1ccccc1)N[C@@H](C)C(=O)N1CCC[C@H]1CO,ZINC15 : ZINC000208313571,espsim_shape,0.43661971830985913,zinc15
NCCCC[C@H](N[C@@H](CCC1=CC=CC=C1)C(O)=O)C(=O)N1CCC[C@H]1C(O)=O,RLAWWYSOJDYHDC-BZSNNMDCSA-N,CC(C)CC(CCC1=CC=CC=C1)C(=O)N1CCC[C@H]1C(=O)NCCO,ENAMINE-REAL : Z5903006638,espsim_shape,0.43661971830985913,enamine-real
NCCCC[C@H](N[C@@H](CCC1=CC=CC=C1)C(O)=O)C(=O)N1CCC[C@H]1C(O)=O,RLAWWYSOJDYHDC-BZSNNMDCSA-N,CC(=O)N[C@H](CCc1ccccc1)C(=O)N1CCC[C@@H]1c1ccccn1,ZINC15 : ZINC001182770146,espsim_shape,0.43661971830985913,zinc15
NCCCC[C@H](N[C@@H](CCC1=CC=CC=C1)C(O)=O)C(=O)N1CCC[C@H]1C(O)=O,RLAWWYSOJDYHDC-BZSNNMDCSA-N,C[C@H](N[C@@H](CCC1=CC=CC=C1)C(=O)O)C(=O)N1CC[C@@H](CCO)C1,ENAMINE-REAL : Z6296555536,espsim_shape,0.43478260869565216,enamine-real
NCCCC[C@H](N[C@@H](CCC1=CC=CC=C1)C(O)=O)C(=O)N1CCC[C@H]1C(O)=O,RLAWWYSOJDYHDC-BZSNNMDCSA-N,C[C@H](N[C@@H](CCC1=CC=CC=C1)C(=O)O)C(=O)N1CC[C@H](CCO)C1,ENAMINE-REAL : Z6296939703,espsim_shape,0.43478260869565216,enamine-real
NCCCC[C@H](N[C@@H](CCC1=CC=CC=C1)C(O)=O)C(=O)N1CCC[C@H]1C(O)=O,RLAWWYSOJDYHDC-BZSNNMDCSA-N,C[C@H](N[C@@H](CCC1=CC=CC=C1)C(=O)O)C(=O)N1CCC(CCO)C1,ENAMINE-REAL : Z6295534225,espsim_shape,0.43478260869565216,enamine-real
NCCCC[C@H](N[C@@H](CCC1=CC=CC=C1)C(O)=O)C(=O)N1CCC[C@H]1C(O)=O,RLAWWYSOJDYHDC-BZSNNMDCSA-N,C[C@H](N[C@@H](CCC1=CC=CC=C1)C(=O)O)C(=O)N1CCCC12CC2,ENAMINE-REAL : Z6296161030,espsim_shape,0.43283582089552236,enamine-real
NCCCC[C@H](N[C@@H](CCC1=CC=CC=C1)C(O)=O)C(=O)N1CCC[C@H]1C(O)=O,RLAWWYSOJDYHDC-BZSNNMDCSA-N,C[C@H](N[C@@H](CCC1=CC=CC=C1)C(=O)O)C(=O)N1CCCC1(C)C,ENAMINE-REAL : Z6294016140,espsim_shape,0.43283582089552236,enamine-real
NCCCC[C@H](N[C@@H](CCC1=CC=CC=C1)C(O)=O)C(=O)N1CCC[C@H]1C(O)=O,RLAWWYSOJDYHDC-BZSNNMDCSA-N,C[C@H](N[C@@H](CCC1=CC=CC=C1)C(=O)O)C(=O)N1CCCC12CCC2,ENAMINE-REAL : Z6294818291,espsim_shape,0.43283582089552236,enamine-real
NCCCC[C@H](N[C@@H](CCC1=CC=CC=C1)C(O)=O)C(=O)N1CCC[C@H]1C(O)=O,RLAWWYSOJDYHDC-BZSNNMDCSA-N,C[C@H](N[C@@H](CCC1=CC=CC=C1)C(=O)O)C(=O)N1CCSCC1,ENAMINE-REAL : Z6293700807,espsim_shape,0.4307692307692308,enamine-real
NCCCC[C@H](N[C@@H](CCC1=CC=CC=C1)C(O)=O)C(=O)N1CCC[C@H]1C(O)=O,RLAWWYSOJDYHDC-BZSNNMDCSA-N,C[C@H](N[C@@H](CCC1=CC=CC=C1)C(=O)O)C(=O)NC1CCCCC1,ENAMINE-REAL : Z6293627406,espsim_shape,0.4307692307692308,enamine-real
NCCCC[C@H](N[C@@H](CCC1=CC=CC=C1)C(O)=O)C(=O)N1CCC[C@H]1C(O)=O,RLAWWYSOJDYHDC-BZSNNMDCSA-N,CCOC(=O)[C@H](CCc1ccccc1)N[C@@H](C)C(=O)N1CCC[C@H]1CC(C)C,ZINC15 : ZINC001292677038,espsim_shape,0.4305555555555556,zinc15
NCCCC[C@H](N[C@@H](CCC1=CC=CC=C1)C(O)=O)C(=O)N1CCC[C@H]1C(O)=O,RLAWWYSOJDYHDC-BZSNNMDCSA-N,CCOC(=O)[C@H](CCc1ccccc1)N[C@@H](C)C(=O)N1CCC[C@@H]1CC(C)C,ZINC15 : ZINC001292677039,espsim_shape,0.4305555555555556,zinc15
NCCCC[C@H](N[C@@H](CCC1=CC=CC=C1)C(O)=O)C(=O)N1CCC[C@H]1C(O)=O,RLAWWYSOJDYHDC-BZSNNMDCSA-N,CCOC(=O)[C@H](CCc1ccccc1)N[C@@H](C)C(=O)N1CCC[C@H]2C[C@H]21,ZINC15 : ZINC001300178280,espsim_shape,0.4305555555555556,zinc15
NCCCC[C@H](N[C@@H](CCC1=CC=CC=C1)C(O)=O)C(=O)N1CCC[C@H]1C(O)=O,RLAWWYSOJDYHDC-BZSNNMDCSA-N,CCOC(=O)[C@H](CCc1ccccc1)N[C@@H](C)C(=O)N1CCC[C@@H]2C[C@@H]21,ZINC15 : ZINC001300178285,espsim_shape,0.4305555555555556,zinc15
NCCCC[C@H](N[C@@H](CCC1=CC=CC=C1)C(O)=O)C(=O)N1CCC[C@H]1C(O)=O,RLAWWYSOJDYHDC-BZSNNMDCSA-N,COC[C@@H]1CCCCN1C(=O)[C@@H](CCc1ccccc1)NC(C)=O,ZINC15 : ZINC001182764156,espsim_shape,0.42857142857142855,zinc15
NCCCC[C@H](N[C@@H](CCC1=CC=CC=C1)C(O)=O)C(=O)N1CCC[C@H]1C(O)=O,RLAWWYSOJDYHDC-BZSNNMDCSA-N,COC[C@H]1CCCCN1C(=O)[C@@H](CCc1ccccc1)NC(C)=O,ZINC15 : ZINC001182764154,espsim_shape,0.42857142857142855,zinc15
NCCCC[C@H](N[C@@H](CCC1=CC=CC=C1)C(O)=O)C(=O)N1CCC[C@H]1C(O)=O,RLAWWYSOJDYHDC-BZSNNMDCSA-N,C[C@H](N[C@@H](CCC1=CC=CC=C1)C(=O)O)C(=O)N1[C@H]2CCC[C@H]2C[C@H]1C,ENAMINE-REAL : Z6297092125,espsim_shape,0.42857142857142855,enamine-real
NCCCC[C@H](N[C@@H](CCC1=CC=CC=C1)C(O)=O)C(=O)N1CCC[C@H]1C(O)=O,RLAWWYSOJDYHDC-BZSNNMDCSA-N,C[C@H](N[C@@H](CCC1=CC=CC=C1)C(=O)O)C(=O)N1CCCOCC1,ENAMINE-REAL : Z6293870395,espsim_shape,0.4264705882352941,enamine-real
NCCCC[C@H](N[C@@H](CCC1=CC=CC=C1)C(O)=O)C(=O)N1CCC[C@H]1C(O)=O,RLAWWYSOJDYHDC-BZSNNMDCSA-N,C[C@H](N[C@@H](CCC1=CC=CC=C1)C(=O)O)C(=O)N1CC2C=CC1C2,ENAMINE-REAL : Z6295076682,espsim_shape,0.4264705882352941,enamine-real
NCCCC[C@H](N[C@@H](CCC1=CC=CC=C1)C(O)=O)C(=O)N1CCC[C@H]1C(O)=O,RLAWWYSOJDYHDC-BZSNNMDCSA-N,O=C(N[C@H](CCc1ccccc1)C(F)(F)F)[C@H]1CCCN1C1CC1,ZINC15 : ZINC000280175158,espsim_shape,0.4264705882352941,zinc15
