smiles,name,abs_freq,rel_freq
CCC,[C;olefin](C)C,48,0.07741935483870968
O=Cc1cc(O)c(O)c(O)c1,O=[C;ester]c1cc(O)c(O)c(O)c1,36,0.05806451612903226
Cc1ccc(O)cc1,Oc1ccc([C;olefin])cc1,33,0.0532258064516129
Cc1ccc(O)c(O)c1,Oc1c(O)ccc([C;olefin])c1,32,0.05161290322580645
C[C@@H]1OC[C@@H](O)[C@@H](O)[C@H]1O,O[C@@H]1[C@H](O)[C@H](O)[C;ether]O[C@H]1C,16,0.025806451612903226
COc1cc(C)ccc1O,O(C)c1c(O)ccc([C;olefin])c1,16,0.025806451612903226
CCCCC,C([C;olefin]C)C[C;olefin],16,0.025806451612903226
OC[C@H]1OC[C@@H](O)[C@H](O)[C@@H]1O,OC[C@@H]1[C@@H](O)[C@@H](O)[C@H](O)[C;ether]O1,14,0.02258064516129032
OCC1OCC(O)C(O)C1O,OCC1C(O)C(O)C(O)[C;ether]O1,12,0.01935483870967742
O=C([O-])C(O)Cc1ccc(O)c(O)c1,O=C([O-])C([O;ester])Cc1cc(O)c(O)cc1,11,0.017741935483870968
NCCc1ccc(O)cc1,Oc1ccc(CC[N;amide])cc1,8,0.012903225806451613
Cc1ccccc1,[C;olefin]c1ccccc1,7,0.01129032258064516
CC1OCC(O)C(O)C1O,OC1C(O)C(O)[C;ether]OC1C,6,0.00967741935483871
CCc1ccc(O)c(O)c1,Oc1c(O)ccc(C[C;ether])c1,6,0.00967741935483871
O=Cc1cc(O)c(O)c(O)c1,O=[C;ester]c1[c;biphenyl]c(O)c(O)c(O)c1,6,0.00967741935483871
Oc1cc(O)c2c(c1)OC(c1cc(O)c(O)c(O)c1)C(O)C2,Oc1c(O)cc(C2C([O;ester])Cc3c(O)cc(O)cc3O2)cc1O,5,0.008064516129032258
NCCCCNC(N)=[NH2+],[N+]=C(NCCCC[N;amide])N,5,0.008064516129032258
Oc1cc(O)c2cc(O)c[o+]c2c1,Oc1c2c([o+][c;biphenyl]c(O)c2)cc(O)c1,5,0.008064516129032258
OC1[C@H](O)COC[C@@H]1O,O[C@H]1C(O)[C@@H](O)[C;ether]O[C;ether]1,5,0.008064516129032258
O=Cc1cc(O)c(O)c(O)c1,O=[C;ester]c1cc([O;ester])c(O)c(O)c1,5,0.008064516129032258
Oc1ccc(CCCCCCCc2ccc(O)c(O)c2)cc1O,Oc1c(O)ccc(CC[C;ether]CCCCc2cc(O)c(O)cc2)c1,4,0.0064516129032258064
O=c1cc(-c2ccc(O)cc2)oc2cc(O)cc(O)c12,O=C1c2c(O)cc([O;ether])cc2OC(c2ccc(O)cc2)=C1,4,0.0064516129032258064
C[C@@H]1Cc2cccc(O)c2[C@@H](C)[NH2+]1,Oc1c2[C@@H](C)[N+][C@H](C)Cc2cc[c;biphenyl]1,4,0.0064516129032258064
CC1=CC(C)(C)CCC1,CC1(C)[C;olefin]=C(C)CCC1,4,0.0064516129032258064
CCc1c(O)ccc(C(C)=O)c1O,O=C([C;olefin])c1c(O)c(C[C;olefin])c(O)cc1,4,0.0064516129032258064
C[NH2+]C,[N+;amine](C)C,4,0.0064516129032258064
CC1(C)CCC23COC4(C=CC5C6(C)CCCC(C)(CO)C6CCC5(C)C4(C)CC2O)C3C1,OCC1(C)C2C(C)(C3C(C)(C4(C)C5(OCC6(C(O)C4)C5CC(C)(C)CC6)C=C3)CC2)CC[C;ether]1,3,0.004838709677419355
CC1(C(=O)[O-])CCC2(C)CCC3(C)C(=CC(=O)C4C5(C)CCCC(C)(C)C5CCC43C)C2C1,O=C([O-])C1(C)CC2C(C)(CCC3(C)C4(C)C(C(=O)C=C23)C2(C)C(C(C)(C)[C;ether]CC2)CC4)CC1,3,0.004838709677419355
COc1ccc(-c2cc(=O)c3c(O)cc(O)cc3o2)cc1,O(C)c1ccc(C=2Oc3c(c(O)cc(O)[c;biphenyl]3)C(=O)C=2)cc1,3,0.004838709677419355
O=c1cc(-c2ccc(O)cc2)oc2cc(O)cc(O)c12,O=C1c2c(O)cc(O)[c;biphenyl]c2OC(c2ccc(O)cc2)=C1,3,0.004838709677419355
CCc1c(OC)ccc(C(C)=O)c1O,O=C([C;olefin])c1c(O)c(C[C;olefin])c(OC)cc1,3,0.004838709677419355
CC1OC(c2ccccc2O)=NC1C=O,O=[C;amide]C1C(C)OC(c2c(O)cccc2)=N1,3,0.004838709677419355
CC[C@H](C)CC(C)C,[C@@H](CC([C;olefin])C)(CC)C,3,0.004838709677419355
NC(C=O)Cc1ccccc1,O=[C;amide]C([N;amide])Cc1ccccc1,3,0.004838709677419355
O=C([O-])C1OCC(O)C(O)C1O,O=C([O-])C1C(O)C(O)C(O)[C;ether]O1,3,0.004838709677419355
O=C([O-])[C@H]1OC[C@@H](O)[C@H](O)[C@@H]1O,O=C([O-])[C@@H]1[C@@H](O)[C@@H](O)[C@H](O)[C;ether]O1,3,0.004838709677419355
CC1OCC(O)CC1O,OC1C(C)O[C;ether]C(O)[C;ether]1,3,0.004838709677419355
C[C@H]1OC[C@H](O)C[C@@H]1O,O[C@@H]1[C@@H](C)O[C;ether][C@H](O)[C;ether]1,3,0.004838709677419355
C=CCc1ccc(O)cc1,Oc1[c;biphenyl]cc(CC=C)cc1,3,0.004838709677419355
OC[C@@]1(O)COC[C@H]1O,OC[C@]1(O)[C@H](O)[C;ether]OC1,3,0.004838709677419355
O=CC1CCCN1,O=[C;amide]C1[N;amide]CC[C;ether]1,3,0.004838709677419355
CC(=O)CC(C)=O,O=C(CC(=O)[C;olefin])[C;olefin],3,0.004838709677419355
CC(=O)/C=C(/C)[O-],O=C(C=C([O-])[C;olefin])[C;olefin],3,0.004838709677419355
O=Cc1ccccc1,O=[C;amide]c1ccccc1,3,0.004838709677419355
O=Cc1ccccc1,O=[C;ester]c1ccccc1,3,0.004838709677419355
CCCN,[N;amide]CC[C;amine],3,0.004838709677419355
CCCO,OC[C;olefin]C,3,0.004838709677419355
COC(=O)C1(C)CCC2(C)CCC3(C)C(=CC(=O)C4C5(C)CCCC(C)(C)C5CCC43C)C2C1,O=C(OC)C1(C)CC2C(C)(CCC3(C)C4(C)C(C(=O)C=C23)C2(C)C(C(C)(C)[C;ether]CC2)CC4)CC1,2,0.0032258064516129032
CC(C)[C@H]1CC[C@H]2[C@@H]3CC=C4C[C@@H](O)CC[C@]4(C)[C@H]3CC[C@]12C,O[C@@H]1CC=2[C@@](C)([C@@H]3[C@H]([C@H]4[C@@](C)([C@@H](C(C)[C;olefin])CC4)CC3)CC=2)CC1,2,0.0032258064516129032
C=C1CC[C@H]2[C@@](C)(CCC[C@]2(C)C(=O)[O-])[C@@H]1CC,O=C([O-])[C@]1(C)[C@@H]2[C@](C)([C@H](C[C;olefin])C(=C)CC2)CCC1,2,0.0032258064516129032
CC[C@@H](C=O)[C@@]1(O)O[C@@H](C)C(C)(C)[C@@H](O)[C@H]1O,O=[C;amide][C@H](CC)[C@]1(O)[C@H](O)[C@H](O)C(C)(C)[C@H]([C;olefin])O1,2,0.0032258064516129032
CCCCCCCCCCCC,C(CCCCCC)CCCC[C;olefin],2,0.0032258064516129032
COc1ccc(-c2cc(=O)c3c(O)c(OC)c(O)cc3o2)cc1,O(C)c1c(O)c2C(=O)C=C(c3ccc(OC)cc3)Oc2cc1[O;ether],2,0.0032258064516129032
COc1ccc(-c2cc(=O)c3c(O)cc(OC)cc3o2)cc1,O(C)c1cc(O)c2C(=O)C=C(c3c[c;biphenyl]c(OC)cc3)Oc2c1,2,0.0032258064516129032
NCCCCCN([O-])C(=O)Cc1ccccc1,O=C(N([O-])CCCCC[N;amide])Cc1ccccc1,2,0.0032258064516129032
Cc1ccc(O/C(=C/c2ccc(O)c(O)c2)C(=O)[O-])c(O)c1,O=C([O-])C(Oc1c(O)cc([C;olefin])cc1)=Cc1cc(O)c(O)cc1,2,0.0032258064516129032
CCc1cc(-c2coc3cc(O)ccc3c2=O)ccc1O,O=C1C(c2cc(C[C;olefin])c(O)cc2)=COc2c1ccc(O)c2,2,0.0032258064516129032
Oc1cc(O)c2c(c1)O[C@H](c1ccc(O)c(O)c1)[C@H](O)C2,[O;ester][C@H]1[C@@H](c2cc(O)c(O)cc2)Oc2c(c(O)cc(O)c2)C1,2,0.0032258064516129032
COc1ccc(-c2cc(=O)c3c(O)cc(O)cc3o2)cc1,O(C)c1[c;biphenyl]cc(C=2Oc3c(c(O)cc(O)c3)C(=O)C=2)cc1,2,0.0032258064516129032
CCC[C@@H](C)[C@@H]1O[C@H](C)[C@H](O)[C@@H]1O,O[C@H]1[C@@H](O)[C@@H]([C;olefin])O[C@H]1[C@@H]([C;ether][C;olefin]C)C,2,0.0032258064516129032
O=c1cc(-c2ccccc2)oc2cc(O)c(O)c(O)c12,O=C1c2c(O)c(O)c([O;ether])cc2OC(c2ccccc2)=C1,2,0.0032258064516129032
O=c1cc(-c2ccc(O)cc2)oc2cc(O)cc(O)c12,O=C1c2c(O)cc(O)cc2OC(c2c[c;biphenyl]c(O)cc2)=C1,2,0.0032258064516129032
CCc1cc(C(C)=O)c(O)cc1OC,O=C([C;olefin])c1c(O)cc(OC)c(C[C;olefin])c1,2,0.0032258064516129032
NC1OC(CO)C(O)C(O)C1NC=O,O=CNC1C(O)C(O)C(CO)OC1[N;amide],2,0.0032258064516129032
COc1cc(CO)cc2cccc(O)c12,O(C)c1c2c(O)[c;biphenyl]ccc2[c;biphenyl]c(CO)c1,2,0.0032258064516129032
C=C(C)C(O)CCCC,OC(C(=C)C)CC[C;olefin]C,2,0.0032258064516129032
OC[C@H]1O[C@H](O)[C@H](O)[C@@H](O)[C@H]1O,[O;ester]C[C@@H]1[C@H]([O;ester])[C@H]([O;ester])[C@@H]([O;ester])[C@@H]([O;ester])O1,2,0.0032258064516129032
COc1ccc(O)cc1/C=C/N,O(C)c1c(/C=C/[N;amide])cc([O;ether])cc1,2,0.0032258064516129032
CCC(=O)c1c([O-])ccn(C)c1=O,O=C([C;olefin]C)C=1C(=O)N(C)C=CC=1[O-],2,0.0032258064516129032
OC[C@H]1OC[C@@H](O)[C@H](O)[C@@H]1O,[O;ester]C[C@@H]1[C@@H](O)[C@@H](O)[C@H](O)[C;ether]O1,2,0.0032258064516129032
COc1cc(O)ccc1C(C)=O,O=C([C;olefin])c1c(OC)cc(O)cc1,2,0.0032258064516129032
OCC1OCCC(O)C1O,OCC1C(O)C(O)[C;ether][C;ether]O1,2,0.0032258064516129032
OC[C@H]1OCC[C@H](O)[C@@H]1O,OC[C@@H]1[C@@H](O)[C@@H](O)[C;ether][C;ether]O1,2,0.0032258064516129032
O=CC1OCC(O)C(O)C1O,O=[C;amide]C1C(O)C(O)C(O)[C;ether]O1,2,0.0032258064516129032
CC(C)C[C@H](N)C=O,O=[C;amide][C@@H]([N;amide])CC(C)C,2,0.0032258064516129032
COc1cc(C)ccc1O,O(C)c1c([O;ester])ccc([C;olefin])c1,2,0.0032258064516129032
O=C([O-])C1OCCC(O)C1O,O=C([O-])C1C(O)C(O)[C;ether][C;ether]O1,2,0.0032258064516129032
O=C([O-])[C@H]1OCC[C@H](O)[C@@H]1O,O=C([O-])[C@@H]1[C@@H](O)[C@@H](O)[C;ether][C;ether]O1,2,0.0032258064516129032
O=CC1OCCC(O)C1O,O=[C;amide]C1C(O)C(O)[C;ether][C;ether]O1,2,0.0032258064516129032
C[C@@H]1C[C@@H](O)CCO1,O[C@@H]1[C;ether][C@@H](C)O[C;ether]C1,2,0.0032258064516129032
C[C@@H]1OCCC[C@@H]1O,O[C@@H]1[C@H](C)O[C;ether]C[C;ether]1,2,0.0032258064516129032
OC1COCC(O)C1O,OC1C(O)[C;ether]O[C;ether]C1O,2,0.0032258064516129032
Cc1cc(O)c(O)c(O)c1,Oc1c(O)cc([C;olefin])cc1O,2,0.0032258064516129032
Cc1ccc2c(c1)OCO2,[C;olefin]c1cc2OCOc2cc1,2,0.0032258064516129032
OC1CCC(O)C1O,[O;ester]C1C([O;ester])CCC1O,2,0.0032258064516129032
CCC(C)C,C(CC)([C;olefin])C,2,0.0032258064516129032
CCCCC,C(C[C;olefin])[C;olefin]C,2,0.0032258064516129032
Cc1cc(O)cc(O)c1,Oc1cc(O)cc([C;olefin])c1,2,0.0032258064516129032
OCc1ccccc1O,[O;ester]Cc1c([O;ether])cccc1,2,0.0032258064516129032
CC1OC(=O)CC1O,O=C1OC(C)C(O)[C;olefin]1,2,0.0032258064516129032
O=C[C@@H]1CCCN1,O=[C;amide][C@H]1[N;amide]CCC1,2,0.0032258064516129032
O=Cc1cccc(O)c1O,O=[C;amide]c1c(O)c(O)ccc1,2,0.0032258064516129032
Nc1ncnc2[nH]cnc12,Nc1ncnc2[nH;NaroC]cnc12,2,0.0032258064516129032
Cc1ccccc1,[C;thioether]c1ccccc1,2,0.0032258064516129032
CCCCO,[O;ester]CCCC,2,0.0032258064516129032
CC(C)C,C([C;olefin])(C)C,2,0.0032258064516129032
CCCS,[S;disulfide]CCC,2,0.0032258064516129032
CC1(C(=O)c2c[nH]c(=O)[nH]c2=O)CCC2(C)CCC3(C)C(=CC(=O)C4C5(C)CCCC(C)(C)C5CCC43C)C2C1,O=C(C=1C(=O)NC(=O)NC=1)C1(C)CC2C(C)(CCC3(C)C4(C)C(C(=O)C=C23)C2(C)C(C(C)(C)[C;ether]CC2)CC4)CC1,1,0.0016129032258064516
CC1(C)CC2C3=CCC4C5(C)CCC[C@](C)(CO)C5CCC4(C)[C@]3(C)C[C@@H](O)C2(CO)[C@@H](O)C1O,OCC12[C@@H]([O;ester])C([O;ester])C(C)(C)CC1C=1[C@](C)(C3(C)C(C4(C)C([C@](CO)(C)[C;ether]CC4)CC3)CC=1)C[C@H]2O,1,0.0016129032258064516
CC1(C)CC[C@]2(C=O)[C@H](O)C[C@]3(C)C(=CC[C@@H]4[C@@]5(C)C[C@H](O)CC(CO)(CO)[C@@H]5CC[C@]43C)[C@@H]2C1,O=[C;ester][C@@]12[C@H](O)C[C@@]3(C)[C@@]4(C)[C@@H]([C@]5(C)[C@H](C(CO)(CO)[C;ether][C@@H](O)C5)CC4)CC=C3[C@@H]1CC(C)(C)CC2,1,0.0016129032258064516
CC1(C)CCC2(CO)C(=C3C=CC4C5(C)CCCC(C)(CO)C5CCC4(C)C3(C)CC2O)C1,OCC12C(O)CC3(C)C4(C)C(C5(C)C(C(CO)(C)[C;ether]CC5)CC4)C=CC3=C1CC(C)(C)CC2,1,0.0016129032258064516
CC1(C)CC[C@@]2(CO)C(=C3C=C[C@@H]4[C@@]5(C)CCC[C@@](C)(CO)[C@@H]5CC[C@@]4(C)[C@]3(C)C[C@H]2O)C1,OC[C@@]1(C)[C@H]2[C@@](C)([C@@H]3[C@](C)([C@@]4(C)C(=C5[C@@](CO)([C@H](O)C4)CCC(C)(C)C5)C=C3)CC2)CC[C;ether]1,1,0.0016129032258064516
CC1(C)CC[C@]23CO[C@@]4(C=C[C@@H]5[C@@]6(C)CCC[C@@](C)(CO)[C@@H]6CC[C@@]5(C)[C@]4(C)C[C@@H]2O)[C@@H]3C1,OC[C@@]1(C)[C@H]2[C@@](C)([C@@H]3[C@](C)([C@@]4(C)[C@]5(OC[C@@]6([C@@H](O)C4)[C@H]5CC(C)(C)CC6)C=C3)CC2)CC[C;ether]1,1,0.0016129032258064516
CC1(C)CC[C@]23CO[C@@]4(C=C[C@@H]5[C@@]6(C)CCC[C@@](C)(CO)[C@@H]6CC[C@@]5(C)[C@]4(C)C[C@H]2O)[C@@H]3C1,OC[C@@]1(C)[C@H]2[C@@](C)([C@@H]3[C@](C)([C@@]4(C)[C@]5(OC[C@@]6([C@H](O)C4)[C@H]5CC(C)(C)CC6)C=C3)CC2)CC[C;ether]1,1,0.0016129032258064516
C=C(C)C1CCC2(C)CCC3(C)C(CCC4C5(C)CCC(O)C(C)(C)C5CCC43C)C12,[O;ester]C1C(C)(C)C2C(C)(C3C(C)(C4(C)C(C5C(C)(CC4)CCC5C(=C)C)CC3)CC2)CC1,1,0.0016129032258064516
C=C(C)[C@@H]1CC[C@]2(C)CC[C@]3(C)[C@H](CC[C@@H]4[C@@]5(C)CC[C@H](O)C(C)(C)[C@@H]5CC[C@]43C)[C@@H]12,[O;ester][C@@H]1C(C)(C)[C@H]2[C@@](C)([C@@H]3[C@](C)([C@@]4(C)[C@@H]([C@H]5[C@H](C(=C)C)CC[C@]5(C)CC4)CC3)CC2)CC1,1,0.0016129032258064516
CC1(C)CCC2(CO)C(O)CC3(C)C(C=CC4C5(C)CCCC(C)(O)C5CCC43C)C2C1,OCC12C(O)CC3(C)C4(C)C(C5(C)C(C(O)(C)[C;ether]CC5)CC4)C=CC3C1CC(C)(C)CC2,1,0.0016129032258064516
CC1(C)CC[C@]23CO[C@@]4(C=C[C@@H]5[C@@]6(C)CCCC(C)(C)[C@H]6CC[C@@]5(C)[C@]4(C)C[C@@H]2O)[C@@H]3C1,O[C@@H]1[C@@]23[C@H]([C@@]4([C@](C)([C@@]5(C)[C@@H]([C@]6(C)[C@@H](C(C)(C)[C;ether]CC6)CC5)C=C4)C1)OC2)CC(C)(C)CC3,1,0.0016129032258064516
CC1(C)CCC[C@@]2(C)[C@@H]1CC[C@]1(C)[C@@H]2C(=O)C=C2[C@@H]3C[C@@](C)(C(=O)[O-])CC[C@]3(C)CC[C@]21C,O=C([O-])[C@]1(C)C[C@@H]2[C@@](C)(CC[C@@]3(C)[C@@]4(C)[C@H](C(=O)C=C23)[C@]2(C)[C@@H](C(C)(C)[C;ether]CC2)CC4)CC1,1,0.0016129032258064516
CC1(C)CCC[C@@]2(C)[C@@H]1CC[C@]1(C)[C@@H]2C(=O)C=C2[C@@H]3C[C@@](C)(C=O)CC[C@]3(C)CC[C@]21C,O=[C;ester][C@]1(C)C[C@@H]2[C@@](C)(CC[C@@]3(C)[C@@]4(C)[C@H](C(=O)C=C23)[C@]2(C)[C@@H](C(C)(C)[C;ether]CC2)CC4)CC1,1,0.0016129032258064516
CC(C)CCC[C@@H](C)[C@H]1CC[C@H]2[C@@H]3CC[C@@]4(O)C[C@@H](O)CC[C@]4(C)[C@H]3CC[C@]12C,O[C@@H]1C[C@@]2([O;ester])[C@@](C)([C@@H]3[C@H]([C@H]4[C@@](C)([C@@H]([C@@H](CCCC(C)C)C)CC4)CC3)CC2)CC1,1,0.0016129032258064516
CC(C)CCC[C@@H](C)[C@H]1CC[C@@]2(C)C3=C(CC[C@]12C)[C@@]1(C)CCC(=O)C[C@@H]1[C@@H](O)C3,O=C1C[C@@H]2[C@@H]([O;ester])CC=3[C@@]4(C)[C@@](C)([C@@H]([C@@H](CCCC(C)C)C)CC4)CCC=3[C@@]2(C)CC1,1,0.0016129032258064516
CC1=C(CO)C(=O)O[C@@H]([C@@H](C)[C@H]2CC[C@H]3[C@@H]4CC=C5CCC[C@H](O)[C@]5(C)[C@H]4CC[C@]23C)C1,O=C1C(CO)=C(C)C[C@H]([C@@H](C)[C@@H]2[C@]3(C)[C@H]([C@H]4[C@@H]([C@@]5(C)[C@@H](O)C[C;ether]CC5=CC4)CC3)CC2)O1,1,0.0016129032258064516
CC(CCCC(C)(C)O)C1CCC2C3CC=C4CCCCC4(C)C3CCC12C,OC(CCCC(C)C1C2(C)C(C3C(C4(C)C(=CC3)C[C;ether]CC4)CC2)CC1)(C)C,1,0.0016129032258064516
CC1=C(Cc2cc(C=O)ccc2O)[C@](C)(CC[C@@H](Br)[C@@](C)(O)CC[C@H](O)C(C)(C)Br)[C@@H](Br)CC1,Br[C@@H]([C@@](O)(CC[C@H]([O;ester])C(Br)(C)C)C)CC[C@]1(C)[C@@H](Br)CCC(C)=C1Cc1c(O)ccc([C;ester]=O)c1,1,0.0016129032258064516
CC1=C(C)C(=O)O[C@@H]([C@@H](C)[C@H]2CC[C@H]3[C@@H]4CC=C5CCC[C@H](O)[C@]5(C)[C@H]4CC[C@]23C)C1,O=C1C(C)=C(C)C[C@H]([C@@H](C)[C@@H]2[C@]3(C)[C@H]([C@H]4[C@@H]([C@@]5(C)[C@@H](O)C[C;ether]CC5=CC4)CC3)CC2)O1,1,0.0016129032258064516
Oc1cc(C2Oc3c(Cc4c(O)cc(O)c5c4OC(c4cc(O)c(O)c(O)c4)C(O)C5)c(O)cc(O)c3CC2O)cc(O)c1O,Oc1c(O)cc(C2C([O;ester])Cc3c(O)cc(O)c(Cc4c(O)cc(O)c5c4OC(c4cc(O)c(O)c(O)c4)C([O;ester])C5)c3O2)cc1O,1,0.0016129032258064516
C[C@]12C=CC(=O)C=C1CC[C@@H]1[C@@H]2[C@@H](O)C[C@@]2(C)[C@H]1C[C@H]1O[C@@H](C3CCCCC3)O[C@]12C(=O)CO,O=C(C[O;ester])[C@]12[C@]3(C)[C@H]([C@H]4[C@H]([C@@H](O)C3)[C@]3(C)C(=CC(=O)C=C3)CC4)C[C@H]1O[C@@H](C1CCCCC1)O2,1,0.0016129032258064516
C[C@H](CCC(C)(C)O)[C@H]1CC[C@H]2[C@@H]3CC=C4C[C@@H](O)CC[C@]4(C)[C@H]3CC[C@]12C,OC(CC[C@@H](C)[C@@H]1[C@]2(C)[C@H]([C@H]3[C@@H]([C@]4(C)C(=CC3)C[C@@H]([O;ester])CC4)CC2)CC1)(C)C,1,0.0016129032258064516
CCC(C)C1CCC2(C)C3CCC4C(C)(C)C(O)CCC45CC35CCC12C,[O;ester]C1C(C)(C)C2C3(C4(C(C5(C)C(C)(C(C(C[C;olefin])C)CC5)CC4)CC2)C3)CC1,1,0.0016129032258064516
CCCC(=O)c1c(O)c(CC2=C([O-])C(C)(C)C([O-])=C(C(C)=O)C2=O)c(O)c2c1C[C@@H](CC)CC2,O=C(CCC)c1c(O)c(CC=2C(=O)C(C(=O)C)=C([O-])C(C)(C)C=2[O-])c(O)c2c1C[C@@H]([C;olefin]C)CC2,1,0.0016129032258064516
CCCC(=O)c1c(O)c(CC2=C([O-])C(C)(C)C([O-])=C(C(C)=O)C2=O)c(O)c2c1C[C@H](CC)CC2,O=C(CCC)c1c(O)c(CC=2C(=O)C(C(=O)C)=C([O-])C(C)(C)C=2[O-])c(O)c2c1C[C@H]([C;olefin]C)CC2,1,0.0016129032258064516
CC1(C(=O)[O-])CCC2(C)CCC3C(=CC(=O)C4C3CCC3CCCCC34C)C2C1,O=C([O-])C1(C)CC2C(C)(CC1)CCC1C2=CC(=O)C2C3(C)C(CCC12)C[C;ether]CC3,1,0.0016129032258064516
O=c1c(O)cc([C@H]2Oc3cc(O)cc(O)c3C[C@H]2O)cc2c([C@H]3Oc4cc(O)cc(O)c4C[C@H]3O)cc(O)c(O)c12,O=C1C([O;ester])=CC([C@@H]2[C@H](O)Cc3c(O)cc(O)cc3O2)=Cc2c([C@@H]3[C@H](O)Cc4c(O)cc(O)cc4O3)cc(O)c([O;ester])c12,1,0.0016129032258064516
CCC[C@@H](C)[C@H]1CC[C@H]2[C@@H]3CC=C4C[C@@H](O)CC[C@]4(C)[C@H]3CC[C@]12C,O[C@@H]1CC=2[C@@](C)([C@@H]3[C@H]([C@H]4[C@@](C)([C@@H]([C@@H](CC[C;olefin])C)CC4)CC3)CC=2)CC1,1,0.0016129032258064516
C[C@]12C[C@@H](O)[C@H]3[C@@H](CC[C@@]4(O)CCC[C@@H](O)[C@]34CO)[C@@]1(O)CC[C@@H]2C1=CC(=O)OC1,O=C1OCC([C@@H]2[C@]3(C)[C@@](O)([C@H]4[C@H]([C@H](O)C3)[C@@]3(CO)[C@H](O)C[C;ether]C[C@]3(O)CC4)CC2)=C1,1,0.0016129032258064516
CCC1C=CCCC2(CC3CCC4(C=O)CC5(CCCC(C)O5)[NH+]=C(N2)N34)O1,O=[C;ester]C12N3C(=[N+]C4(OC(C)CCC4)C1)NC1(OC(CC)C=CCC1)CC3CC2,1,0.0016129032258064516
CC(O)C(C)C1CCC2C3CCC45CC4CCC5(C)C3CCC12C,[O;ester]C(C(C)C1C2(C)C(C3C(C4(C)C5(C(C5)CC4)[C;ether]C3)CC2)CC1)[C;olefin],1,0.0016129032258064516
CC[C@@H](C)[C@H]1CC[C@H]2[C@@H]3CC=C4C[C@@H](O)CC[C@]4(C)[C@H]3CC[C@]12C,[O;ester][C@@H]1CC=2[C@@](C)([C@@H]3[C@H]([C@H]4[C@@](C)([C@@H]([C@@H](C[C;olefin])C)CC4)CC3)CC=2)CC1,1,0.0016129032258064516
C[C@]12CCCC[C@@H]1CC[C@@H]1[C@@H]2CC[C@]2(C)[C@@H](C3=CC(=O)OC3)[C@@H](O)C[C@]12O,O=C1OCC([C@H]2[C@@H]([O;ester])C[C@@]3(O)[C@]2(C)CC[C@@H]2[C@]4(C)[C@@H](CC[C@@H]32)C[C;ether]CC4)=C1,1,0.0016129032258064516
C[C@]12CCCC[C@@H]1CC[C@@H]1[C@@H]2CC[C@]2(C)[C@@H](C3=CC(=O)OC3)CC[C@]12O,O=C1OCC([C@@H]2[C@]3(C)[C@@](O)([C@H]4[C@@H]([C@]5(C)[C@@H](CC4)C[C;ether]CC5)CC3)CC2)=C1,1,0.0016129032258064516
COC(=O)C[C@H](c1ccc(O)cc1)c1c(O)cc(O)c2c1O[C@H](c1cc(O)c(O)c(O)c1)[C@H](O)C2,O=C(OC)C[C@@H](c1c(O)cc(O)c2c1O[C@@H]([C@H]([O;ester])C2)c1cc(O)c(O)c(O)c1)c1ccc(O)cc1,1,0.0016129032258064516
CC[C@]1(C)O[C@@](C)(c2c3c(cn(C)c2=O)[C@@H]2CCCC[C@H]2O3)CC[C@H]1C,O=C1N(C)C=C2[C@H;ether]3[C@H](OC2=C1[C@]1(C)O[C@]([C;olefin]C)(C)[C@H](C)CC1)C[C;ether]CC3,1,0.0016129032258064516
C[C@]12CCCC=C1CC[C@@H]1[C@@H]2CC[C@]2(C)[C@@H](c3ccc(=O)oc3)CC[C@]12O,O=C1OC=C([C@@H]2[C@]3(C)[C@@](O)([C@H]4[C@@H]([C@]5(C)C(=C[C;ether]CC5)CC4)CC3)CC2)C=C1,1,0.0016129032258064516
CC(C)[C@H]1CC[C@H]2C3=CC[C@H]4C[C@@H](O)CC[C@]4(C)[C@H]3CC[C@]12C,O[C@@H]1C[C@H]2[C@@](C)([C@@H]3C([C@H]4[C@@](C)([C@@H](C(C)[C;olefin])CC4)CC3)=CC2)CC1,1,0.0016129032258064516
Oc1ccc2[nH]c3c(C[C@@H]4CC[N@H+]5CCc6c([nH]c7ccccc67)[C@@H]5C4)nccc3c2c1,Oc1cc2c([nH]c3c(C[C@H]4C[C@@H]5[N+@@H](C[C;olefin]4)CCc4c6c([nH]c54)cccc6)nccc23)cc1,1,0.0016129032258064516
CC1=C[C@@H](C(=O)c2c([O-])c(-c3ccc(O)cc3)c[nH]c2=O)[C@H](C)[C@H]2C[C@@H](C)CC[C@H]12,O=C([C@H]1[C@H]([C;olefin])[C@@H]2[C@@H](C(C)=C1)CC[C@H](C)C2)C1=C([O-])C(c2ccc(O)cc2)=CNC1=O,1,0.0016129032258064516
CC[C@]1(C)O[C@@](C)(c2c3c(cn(C)c2=O)[C@@H]2CCC(=O)C[C@H]2O3)CC[C@@H]1C,O=C1N(C)C=C2[C@H;ether]3[C@H](OC2=C1[C@]1(C)O[C@]([C;olefin]C)(C)[C@@H](C)CC1)CC(=O)CC3,1,0.0016129032258064516
CC[C@]1(C)O[C@@](C)(c2c3c(cn(C)c2=O)[C@@H]2CCC(=O)C[C@H]2O3)CC[C@H]1C,O=C1N(C)C=C2[C@H;ether]3[C@H](OC2=C1[C@]1(C)O[C@]([C;olefin]C)(C)[C@H](C)CC1)CC(=O)CC3,1,0.0016129032258064516
C=C[C@@]1(C)CC(=O)[C@]2(O)[C@@]3(C)[C@@H](O)CCC(C)(C)[C@@H]3[C@H](O)[C@H](O)[C@@]2(C)O1,O=C1[C@@]2(O)[C@@](C)([C@@H]([O;ester])[C@@H](O)[C@@H]3[C@]2(C)[C@@H](O)CCC3(C)C)O[C@](C=C)(C)C1,1,0.0016129032258064516
COc1cc(C)c2c(=O)cc(CC(C)O)oc2c1C1OC(CO)C(C)C(O)C1O,O(C)c1c(C2C([O;ester])C(O)C(C)C(CO)O2)c2OC(CC(O)C)=CC(=O)c2c(C)c1,1,0.0016129032258064516
COC(=O)[C@H]1C[C@H](O)C[C@@H]2C[NH+]3CCc4c([nH]c5cc(OC)ccc45)[C@H]3C[C@@H]21,O=C(OC)[C@@H]1[C@@H]2[C@H](C[C@@H]([O;ester])[C;ether]1)C[N+]1[C@@H](c3[nH]c4c(c3CC1)ccc(OC)c4)C2,1,0.0016129032258064516
C[C@H]1C[C@H]2[C@@H]3CCC4=CC(=O)C=C[C@]4(C)[C@@]3(F)[C@@H](O)C[C@]2(C)[C@@]1(O)C(=O)CCl,ClCC(=O)[C@@]1([O;ester])[C@@H](C)C[C@@H]2[C@]1(C)C[C@H](O)[C@]1(F)[C@]3(C)C(=CC(=O)C=C3)CC[C@@H]21,1,0.0016129032258064516
O=CCCCCCCCCCCCCCCCCCO,O=[C;amide]CCCCCCCCCCCCCCCCC[O;ester],1,0.0016129032258064516
COc1cc(C)c2c(=O)cc(CC(C)O)oc2c1C1OC(CO)C(O)C(O)C1O,O(C)c1c(C2C([O;ester])C(O)C(O)C(CO)O2)c2OC(CC(O)C)=CC(=O)c2c(C)c1,1,0.0016129032258064516
COc1cc(C)c2c(=O)cc(C(O)(O)C(C)=O)oc2c1C1OC(CO)C(O)C(O)C1O,O=C(C(O)(O)C=1Oc2c(c(OC)cc(C)c2C(=O)C=1)C1C([O;ester])C(O)C(O)C(CO)O1)C,1,0.0016129032258064516
CC(=O)c1c(O)c(C)c(O)c(Cc2c(O)c3c(c(C(C)=O)c2O)OC(C)(C)C=C3)c1O,O=C(C)c1c(O)c(Cc2c(O)c(C(=O)[C;olefin])c3OC(C)(C)C=Cc3c2O)c(O)c(C)c1O,1,0.0016129032258064516
COc1cc(C)c2c(=O)cc(CC(C)=O)oc2c1C1OC(CO)C(C)C(O)C1O,O=C(CC=1Oc2c(c(OC)cc(C)c2C(=O)C=1)C1C([O;ester])C(O)C(C)C(CO)O1)C,1,0.0016129032258064516
COC(=O)[C@@H]1C[C@H](O)C(=O)[C@H]2[C@@]1(C)CC[C@H]1C(=O)O[C@H](c3ccoc3)C[C@]21C,O=C(OC)[C@H]1[C@@]2(C)[C@H](C(=O)[C@@H]([O;ester])C1)[C@]1(C)[C@H](C(=O)O[C@H](c3cocc3)C1)CC2,1,0.0016129032258064516
CC1=CC2c3c(O)cccc3OC3(c4ccc(O)cc4O)Oc4cc(O)ccc4C(C1)C23,Oc1c(C23Oc4c(ccc(O)c4)C4C2C(c2c(O)c[c;biphenyl]cc2O3)C=C(C)C4)ccc(O)c1,1,0.0016129032258064516
COc1cc(-c2oc3cc(O)cc(O)c3c(=O)c2O[C@@H]2OC[C@H](O)[C@H](O)[C@H]2O)cc(O)c1O,O(C)c1c(O)c(O)cc(C2=C(O[C@H]3[C@H](O)[C@@H](O)[C@@H](O)[C;ether]O3)C(=O)c3c(O)cc(O)cc3O2)c1,1,0.0016129032258064516
O=c1c(O[C@@H]2O[C@H](CO)[C@H](O)[C@H](O)[C@@H]2O)c(-c2ccc(O)c(O)c2)oc2cc(O)cc(O)c12,O([C@H]1[C@@H](O)[C@@H](O)[C@@H](O)[C@@H](CO)O1)C1=C(c2cc(O)c(O)cc2)Oc2c(c(O)cc([O;ether])c2)C1=O,1,0.0016129032258064516
CC[C@@H]1C(C)=CC[C@@H](c2ccccc2)[C@@H]1C(=O)c1c(O)cc(OC)cc1O,O=C([C@@H]1[C@H](C[C;olefin])C(C)=CC[C@H]1c1ccccc1)c1c(O)cc(OC)cc1O,1,0.0016129032258064516
CCc1cc(/C=C2/OC(=O)C(c3cc4c(cc3O)OC(C)(C)CC4)=C2[O-])ccc1O,O=C1C(c2c(O)cc3OC(C)(C)CCc3c2)=C([O-])/C(=C\c2cc(C[C;olefin])c(O)cc2)/O1,1,0.0016129032258064516
Oc1cc(O)cc(Oc2c(O)cc(O)cc2Oc2c(O)cc(O)c3c2Oc2c(O)cc(O)cc2O3)c1,O(c1c(O)cc(O)c2Oc3c(c(O)cc(O)c3)Oc12)c1c(Oc2[c;biphenyl]c(O)cc(O)c2)c(O)cc(O)c1,1,0.0016129032258064516
C[NH+]1CCCCN(CCCCN)C(=O)C1(O)C(=O)c1ccccc1,O=C(c1ccccc1)C1(O)[N+](C)CCCCN(CCCC[N;amide])C1=O,1,0.0016129032258064516
O=C1C[C@H](c2ccc(O)cc2)c2c(cc(O)c3c2O[C@H](c2ccc(O)c(O)c2)[C@H](O)C3)O1,O=C1Oc2c([C@@H](c3ccc(O)cc3)C1)c1O[C@@H]([C@H]([O;ester])Cc1c(O)c2)c1cc(O)c(O)cc1,1,0.0016129032258064516
CC(C)CCC[C@@H](C)[C@H]1CC[C@@H]2CCCC[C@]21C,[C@H](CCCC(C)C)(C)[C@@H]1[C@@]2(C)[C@H](CC1)[C;olefin]CCC2,1,0.0016129032258064516
COc1cc([C@H]2OC[C@H]3[C@@H]2CO[C@H]3c2ccc(OC)c(OC)c2)ccc1O,O(C)c1c(OC)ccc([C@@H]2OC[C@@H]3[C@@H](c4cc(OC)c([O;ether])cc4)OC[C@H]23)c1,1,0.0016129032258064516
CCCCCCCCCCCCCCCCO,OCCCCCCCCCCCCCCC[C;ether],1,0.0016129032258064516
COn1cc(-c2ccccc2)c2c(c1=O)[C@@H]1[C@@H](CCC[C@H]1C)[C@H](C)O2,O(C)N1C(=O)C=2[C@H]3[C@H](C)CCC[C@H]3[C@H]([C;olefin])OC=2C(c2ccccc2)=C1,1,0.0016129032258064516
CC1(C)C[C@]2(O)C(=O)OC[C@]23[C@@H]1[C@H](O)C(=O)[C@@]12C[C@@H](CC[C@H]13)C(=O)[C@H]2O,O=C1[C@]2(O)[C@@]3([C@H]([C@H](O)C(=O)[C@@]45[C@H]([O;ester])C(=O)[C@@H](C4)CC[C@@H]35)C(C)(C)C2)CO1,1,0.0016129032258064516
CCc1c([C@@H]2CCc3ccc(O)cc3O2)cc2c(c1O)OC(C)(C)C=C2,Oc1c(C[C;olefin])c([C@H]2Oc3c(ccc(O)c3)CC2)cc2c1OC(C)(C)C=C2,1,0.0016129032258064516
COc1cc2c(c(OC)c1OC)-c1ccc(OC)c(=O)cc1C(N)CC2,O(C)c1c(OC)c2c(cc1OC)CCC([N;amide])C=1C2=CC=C(OC)C(=O)C=1,1,0.0016129032258064516
O=c1c(O[C@@H]2OC[C@H](O)[C@H](O)[C@H]2O)c(-c2ccc(O)c(O)c2)oc2cc(O)cc(O)c12,O([C@H]1[C@H](O)[C@@H](O)[C@@H](O)[C;ether]O1)C1=C(c2cc(O)c(O)cc2)Oc2c(c(O)cc(O)c2)C1=O,1,0.0016129032258064516
CC[C@@]1(O)CCc2c(cc3c(c2O)C(=O)c2c(O)cccc2C3=O)[C@H]1C(=O)OC,O=C(OC)[C@H]1[C@@](O)(CC)C[C;ether]c2c(O)c3C(=O)c4c(O)cccc4C(=O)c3cc12,1,0.0016129032258064516
O=c1c(OC2OCC(O)C(O)C2O)c(-c2ccc(O)c(O)c2)oc2cc(O)cc(O)c12,O=C1C(OC2C(O)C(O)C(O)[C;ether]O2)=C(c2cc(O)c(O)cc2)Oc2c1c(O)cc(O)c2,1,0.0016129032258064516
CC[C@@H]1C[C@H](O)C[C@]2(CC[C@H](C)[C@@H]([C@@H](C)CC)O2)O1,[O;ester][C@H]1C[C@@H](C[C;olefin])O[C@]2(O[C@H]([C@H](CC)C)[C@@H](C)CC2)C1,1,0.0016129032258064516
CCc1c(-c2ccc(O)cc2O)oc2c3c(cc(O)c2c1=O)OC(C)(C)C=C3,O=C1C(C[C;olefin])=C(c2c(O)cc(O)cc2)Oc2c1c(O)cc1OC(C)(C)C=Cc21,1,0.0016129032258064516
C=Cc1c(OC)c2c(c3c(-c4ccccc4)cc(=O)oc13)OC(C)(C)C=C2,O(C)c1c([C;olefin]=C)c2OC(=O)C=C(c3ccccc3)c2c2OC(C)(C)C=Cc12,1,0.0016129032258064516
O=c1c(O[C@H]2C[C@H](O)[C@H](O)CO2)c(-c2ccc(O)cc2)oc2cc(O)cc(O)c12,O([C@@H]1O[C;ether][C@@H](O)[C@@H](O)[C;ether]1)C1=C(c2ccc(O)cc2)Oc2c(c(O)cc(O)c2)C1=O,1,0.0016129032258064516
CCc1c2c(c3occ(-c4ccc(O)cc4)c(=O)c3c1O)C=CC(C)(C)O2,O=C1C(c2ccc(O)cc2)=COc2c1c(O)c(C[C;olefin])c1OC(C)(C)C=Cc21,1,0.0016129032258064516
O=C1CCC(c2c(O)cc(O)c3c2O[C@H](c2cc(O)c(O)c(O)c2)[C@H](O)C3)N1,O=C1[N;lactam]C(c2c(O)cc(O)c3c2O[C@@H]([C@H]([O;ester])C3)c2cc(O)c(O)c(O)c2)CC1,1,0.0016129032258064516
O=C1CCC(c2c(O)cc(O)c3c2O[C@@H](c2cc(O)c(O)c(O)c2)[C@@H](O)C3)N1,O=C1[N;lactam]C(c2c(O)cc(O)c3c2O[C@H]([C@@H]([O;ester])C3)c2cc(O)c(O)c(O)c2)CC1,1,0.0016129032258064516
CCc1cc(OC)c(O)c(C(C=O)C(O)c2ccc(O)c(OC)c2)c1,O=[C;amide]C(C(O)c1cc(OC)c(O)cc1)c1c(O)c(OC)cc(C[C;olefin])c1,1,0.0016129032258064516
CCc1c(O)cc2c(c1O)C(=O)CC(c1cc(OC)c(O)c(OC)c1)O2,O(C)c1c(O)c(OC)cc(C2Oc3c(c(O)c(C[C;olefin])c(O)c3)C(=O)C2)c1,1,0.0016129032258064516
CCc1c(O)cc2c(c1O)C(=O)C[C@@H](c1cc(OC)c(O)c(OC)c1)O2,O(C)c1c(O)c(OC)cc([C@H]2Oc3c(c(O)c(C[C;olefin])c(O)c3)C(=O)C2)c1,1,0.0016129032258064516
CCc1cc(/C=C2/OC(=O)C(c3cc(CC)c(O)cc3O)=C2[O-])ccc1O,O=C1C(c2c(O)cc(O)c(C[C;olefin])c2)=C([O-])/C(=C\c2cc(C[C;olefin])c(O)cc2)/O1,1,0.0016129032258064516
O=C1CC[C@H](c2c(O)cc3c(c2O)C[C@@H](O)[C@@H](c2ccc(O)c(O)c2)O3)N1,O=C1[N;lactam][C@@H](c2c(O)c3c(O[C@@H]([C@H]([O;ester])C3)c3cc(O)c(O)cc3)cc2O)CC1,1,0.0016129032258064516
C=C1CC[C@@H]2[C@](C)(CO)[C@H](O)CC[C@@]2(C)[C@@H]1CC,OC[C@]1(C)[C@H](O)CC[C@@]2(C)[C@H](C[C;olefin])C(=C)CC[C@H]12,1,0.0016129032258064516
CCCC1(C)CCc2c(c(C)cc3c2[nH]c2cc(O)ccc23)O1,Oc1cc2[nH]c3c(c2cc1)cc(C)c1OC(CC[C;olefin])(C)CCc31,1,0.0016129032258064516
COC1=C[C@]23CCC[NH+]2CCc2cc4c(cc2[C@@H]3[C@@H]1O)OCO4,O(C)C=1[C@@H]([O;ester])[C@H]2c3c(cc4OCOc4c3)CC[N+]3[C@]2(C=1)CCC3,1,0.0016129032258064516
CCc1cc(-c2oc3cc(O)c(CC)c(O)c3c(=O)c2O)cc(O)c1O,O=C1C(O)=C(c2cc(O)c(O)c(C[C;olefin])c2)Oc2c1c(O)c(C[C;olefin])c(O)c2,1,0.0016129032258064516
C=C(CCC)[C@H]1CC(C)(C)[C@@H]1CCCC,C(=C)(CC[C;olefin])[C@@H]1[C@@H](CC[C;olefin]C)C(C)(C)C1,1,0.0016129032258064516
COc1cc(C2OCC2c2cc(C)cc(OC)c2O)ccc1O,O(C)c1c(O)c(C2C(c3cc(OC)c(O)cc3)OC2)cc([C;olefin])c1,1,0.0016129032258064516
CCc1c(O)cc2c(c1O)C(=O)[C@H](O)[C@@H](c1ccc(OC)c(O)c1)O2,O(C)c1c(O)cc([C@@H]2[C@@H](O)C(=O)c3c(O)c(C[C;olefin])c(O)cc3O2)cc1,1,0.0016129032258064516
CCc1c(O)cc2c(c1O)C(=O)[C@H](O)[C@@H](c1ccc(O)c(OC)c1)O2,O(C)c1c(O)ccc([C@@H]2[C@@H](O)C(=O)c3c(O)c(C[C;olefin])c(O)cc3O2)c1,1,0.0016129032258064516
CCc1c(-c2ccc(O)cc2O)oc2c(CC)c(O)cc(O)c2c1=O,O=C1C(C[C;olefin])=C(c2c(O)cc(O)cc2)Oc2c(C[C;olefin])c(O)cc(O)c12,1,0.0016129032258064516
CCc1cc(-c2coc3cc(O)c(CC)c(O)c3c2=O)cc(O)c1O,O=C1C(c2cc(O)c(O)c(C[C;olefin])c2)=COc2c1c(O)c(C[C;olefin])c(O)c2,1,0.0016129032258064516
COc1cc(CCC=O)ccc1Oc1cc(C)cc(OC)c1O,O=[C;amide]CCc1cc(OC)c(Oc2c(O)c(OC)cc([C;olefin])c2)cc1,1,0.0016129032258064516
CCc1c(O)cc2c(c1O)C(=O)CC(c1ccc(OC)c(O)c1)O2,O(C)c1c(O)cc(C2Oc3c(c(O)c(C[C;olefin])c(O)c3)C(=O)C2)cc1,1,0.0016129032258064516
CCc1c(O)cc2c(c1O)C(=O)C[C@@H](c1ccc(O)c(OC)c1)O2,O(C)c1c(O)ccc([C@H]2Oc3c(c(O)c(C[C;olefin])c(O)c3)C(=O)C2)c1,1,0.0016129032258064516
CCc1cccc2c([C@H](C)c3cccc4cc[nH]c34)c[nH]c12,[C@H]([C;olefin])(c1c2c(c(C[C;olefin])ccc2)[nH]c1)c1c2[nH]ccc2ccc1,1,0.0016129032258064516
CC1=CC[C@@H]2[C@@H](C1)c1c(O)cc(C)cc1OC2(C)C,Oc1c2[C@H]3[C@H](C(C)(C)Oc2cc([C;olefin])c1)CC=C(C)C3,1,0.0016129032258064516
CC1=CC[C@@H]2[C@@H](C1)c1c(C)cc(O)cc1OC2(C)C,Oc1cc([C;olefin])c2[C@H]3[C@H](C(C)(C)Oc2c1)CC=C(C)C3,1,0.0016129032258064516
CCc1c(O)cc2oc(=O)c(-c3ccc(O)cc3O)cc2c1OC,O(C)c1c(C[C;olefin])c(O)cc2OC(=O)C(c3c(O)cc(O)cc3)=Cc12,1,0.0016129032258064516
CCc1cc2c(cc1OC)OC(c1ccc(O)cc1)CC2=O,O(C)c1c(C[C;olefin])cc2C(=O)CC(c3ccc(O)cc3)Oc2c1,1,0.0016129032258064516
CCc1cc2c(cc1OC)O[C@H](c1ccc(O)cc1)CC2=O,O(C)c1c(C[C;olefin])cc2C(=O)C[C@@H](c3ccc(O)cc3)Oc2c1,1,0.0016129032258064516
O=CC1C(C=O)C(c2ccc(O)c(O)c2)C1c1ccc(O)c(O)c1,O=[C;ester]C1C([C;ester]=O)C(c2cc(O)c(O)cc2)C1c1cc(O)c(O)cc1,1,0.0016129032258064516
NCCc1ccc(Oc2cccc(CCN)c2)cc1,O(c1cc(CC[N;amide])ccc1)c1ccc(CC[N;amide])cc1,1,0.0016129032258064516
NCCc1ccc(Oc2ccc(CCN)cc2)cc1,O(c1ccc(CC[N;amide])cc1)c1ccc(CC[N;amide])cc1,1,0.0016129032258064516
CCCCC(=O)C1(C)CC(O)CC1(C)C,O=C(CC[C;olefin]C)C1(C)C(C)(C)CC(O)C1,1,0.0016129032258064516
O=CCCC(=O)N([O-])CCCCCN1C(=O)CCC1=O,O=C(N([O-])CCCCCN1C(=O)CCC1=O)CC[C;amide]=O,1,0.0016129032258064516
COC(=O)/C(=C\c1ccc(O)c(O)c1)Oc1ccc(C)cc1O,O=C(OC)C(Oc1c(O)cc([C;olefin])cc1)=Cc1cc(O)c(O)cc1,1,0.0016129032258064516
CCCCCCCCc1cccc(O)c1C(=O)[O-],O=C([O-])c1c(O)cccc1CCCCCCC[C;olefin],1,0.0016129032258064516
CCc1c(O)cc2c(c1O)C(=O)CC(c1ccc(O)c(O)c1)O2,O=C1c2c(O)c(C[C;olefin])c(O)cc2OC(c2cc(O)c(O)cc2)C1,1,0.0016129032258064516
CCc1c(O)cc(O)c2c1O[C@H](c1ccc(O)cc1O)CC2=O,O=C1c2c(O)cc(O)c(C[C;olefin])c2O[C@H](c2c(O)cc(O)cc2)C1,1,0.0016129032258064516
CCc1c(O)cc(O)c2c1O[C@H](c1ccc(O)c(O)c1)CC2=O,O=C1c2c(O)cc(O)c(C[C;olefin])c2O[C@H](c2cc(O)c(O)cc2)C1,1,0.0016129032258064516
[NH3+][C@@H](CC[C@H]([NH3+])C(=O)[O-])C[C@H]1OC[C@@H](O)[C@@H]1O,O=C([O-])[C@@H]([N+])CC[C@H]([N+])C[C@@H]1[C@@H](O)[C@H](O)[C;NaroC]O1,1,0.0016129032258064516
CCc1c(O)cc2c(c1O)C(=O)C[C@@H](c1ccc(O)cc1)O2,O=C1c2c(O)c(C[C;olefin])c(O)cc2O[C@H](c2ccc(O)cc2)C1,1,0.0016129032258064516
CCC(C=O)[C@]1(O)C[C@H](O)C(C)(C)[C@H](C)O1,O=[C;amide]C(CC)[C@@]1(O)O[C@@H]([C;olefin])C(C)(C)[C@@H](O)C1,1,0.0016129032258064516
O=CC1=Cc2ccc(O)c(O)c2C(C=O)C1c1ccc(O)c(O)c1,O=[C;ester]C=1C(c2cc(O)c(O)cc2)C([C;ester]=O)c2c(O)c(O)ccc2C=1,1,0.0016129032258064516
C=C(C)[C@H](Cc1c(OC)ccc(C(C)=O)c1O)OO,O(O)[C@H](C(=C)C)Cc1c(O)c(C(=O)[C;olefin])ccc1OC,1,0.0016129032258064516
O=C(OOC1OC(O)C(O)C(O)C1O)c1cc(O)c(O)c(O)c1,O(OC1C(O)C([O;ester])C([O;ester])C([O;ester])O1)C(=O)c1cc(O)c(O)c(O)c1,1,0.0016129032258064516
C=C(C)C(Cc1c(OC)ccc(C(C)=O)c1O)OO,O=C([C;olefin])c1c(O)c(CC(OO)C(=C)C)c(OC)cc1,1,0.0016129032258064516
CCCCCc1cc(O)c(CC)c(O)c1C(=O)[O-],O=C([O-])c1c(O)c(C[C;olefin])c(O)cc1CCCCC,1,0.0016129032258064516
CCc1cc2c(cc1O)O[C@H](c1ccc(O)cc1)CC2=O,O=C1c2c(O[C@H](c3ccc(O)cc3)C1)cc(O)c(C[C;olefin])c2,1,0.0016129032258064516
COc1cc(C)cc2c1OC(c1ccc(O)cc1)C2C=O,O=[C;amide]C1C(c2ccc(O)cc2)Oc2c(OC)cc([C;olefin])cc12,1,0.0016129032258064516
CSC(=O)NCCCNCCCCNC=O,S(C(=O)NCCC[N;amide]CCCCNC=O)C,1,0.0016129032258064516
COc1ccc(C2CC(=O)c3c(O)cc(O)cc3O2)cc1O,O(C)c1c(O)cc(C2Oc3c(c(O)cc([O;ether])c3)C(=O)C2)cc1,1,0.0016129032258064516
COc1ccc([C@@H]2CC(=O)c3c(O)cc(O)cc3O2)cc1O,O(C)c1c(O)cc([C@H]2Oc3c(c(O)cc([O;ether])c3)C(=O)C2)cc1,1,0.0016129032258064516
COc1cc(O)cc2c1[C@@H](C)[N@H+](C)[C@@H](C)C2,O(C)c1c2[C@@H](C)[N+@H](C)[C@@H](C)Cc2cc(O)[c;biphenyl]1,1,0.0016129032258064516
COC(=O)C[C@@](O)(C=O)CCCC(C)(C)O,O=C(OC)C[C@@](O)([C;ester]=O)CCCC(O)(C)C,1,0.0016129032258064516
C=C(C)C(O)Cc1c(OC)ccc(C(C)=O)c1O,O=C([C;olefin])c1c(O)c(CC(O)C(=C)C)c(OC)cc1,1,0.0016129032258064516
Oc1cc(O)c2c(c1)O[C@H](c1cc(O)c(O)c(O)c1)[C@H](O)C2,[O;ester][C@H]1[C@@H](c2cc(O)c(O)c(O)c2)Oc2c(c(O)cc(O)c2)C1,1,0.0016129032258064516
Oc1cc(O)c2c(c1)O[C@@H](c1cc(O)c(O)c(O)c1)[C@H](O)C2,[O;ester][C@H]1[C@H](c2cc(O)c(O)c(O)c2)Oc2c(c(O)cc(O)c2)C1,1,0.0016129032258064516
COc1cc(OC)c2c(O)c3c(=O)cc(C)oc3cc2c1,O(C)c1c2c(O)c3C(=O)C=C(C)Oc3[c;biphenyl]c2cc(OC)c1,1,0.0016129032258064516
COc1cc(OC)c2c(O)c3c(=O)cc(C)oc3cc2c1,O(C)c1c2c(O)c3C(=O)C=C(C)Oc3cc2cc(OC)[c;biphenyl]1,1,0.0016129032258064516
O=CC1Cc2cc(O)c(O)cc2C1c1ccc(O)c(O)c1,O=[C;amide]C1C(c2cc(O)c(O)cc2)c2c(cc(O)c(O)c2)[C;olefin]1,1,0.0016129032258064516
Cc1ccc(O)c2c1C(C=O)OC2c1ccc(O)c(O)c1,O=[C;ester]C1OC(c2cc(O)c(O)cc2)c2c(O)ccc([C;olefin])c12,1,0.0016129032258064516
CCCCCc1cc(O)c(CC)c(O)c1,Oc1c(C[C;olefin])c(O)cc(CCCCC)c1,1,0.0016129032258064516
Oc1cc(O)c2c(c1)O[C@@H](c1ccc(O)c(O)c1)[C@H](O)C2,[O;ester][C@H]1[C@H](c2cc(O)c(O)cc2)Oc2c(c(O)cc(O)c2)C1,1,0.0016129032258064516
O=C(CCc1ccc(O)cc1)c1c(O)cc(O)cc1O,O=C(CCc1ccc(O)cc1)c1c([O;ether])cc(O)cc1O,1,0.0016129032258064516
CC[C@@H](C)C(=O)c1c([O-])c(OC)c(OC)[nH]c1=O,O=C([C@@H](C[C;olefin])C)C1=C([O-])C(OC)=C(OC)NC1=O,1,0.0016129032258064516
Cc1c(-c2ccc(O)c(O)c2)oc2cc(O)cc(O)c2c1=O,O=C1C([C;ether])=C(c2cc(O)c(O)cc2)Oc2c1c(O)cc(O)c2,1,0.0016129032258064516
CCc1cc2c(cc1O)oc(=O)c1c3ccc(O)cc3oc21,O=C1Oc2c(-c3oc4c(c13)ccc(O)c4)cc(C[C;olefin])c(O)c2,1,0.0016129032258064516
CC[C@@H]1[C@@H](C)C(=O)C(OC)=C(OC)[C@@H]1O,O(C)C=1[C@H](O)[C@H](C[C;olefin])[C@@H](C)C(=O)C=1OC,1,0.0016129032258064516
COc1ccc(-c2cc(=O)c3c(O)cc(O)cc3o2)cc1,O(C)c1ccc(C=2Oc3c(c(O)cc([O;ether])c3)C(=O)C=2)cc1,1,0.0016129032258064516
O=C1C[C@H](c2ccc(O)c(O)c2)Oc2cc(O)cc(O)c21,O=C1c2c(O)cc(O)cc2O[C@@H](c2cc(O)c(O)cc2)[C;ether]1,1,0.0016129032258064516
Cc1ccc2c(c1)C(C=O)C(c1ccc(O)cc1)O2,O=[C;amide]C1C(c2ccc(O)cc2)Oc2c1cc([C;olefin])cc2,1,0.0016129032258064516
C=C1[C@H]2CC[C@H](C2)[C@@]1(C)CCC,C(C[C@@]1(C)C(=C)[C@@H]2C[C@H]1CC2)[C;olefin],1,0.0016129032258064516
CCC[C@@]1(C)C2C[C@@H]3[C@H](C2)C31C,C(C[C@]1(C)C2(C)[C@H]3[C@@H]2CC1C3)[C;olefin],1,0.0016129032258064516
CC(=O)c1c([O-])c(C2=CCC(O)CC2)cn([O-])c1=O,O=C([C;olefin])C=1C(=O)N([O-])C=C(C=1[O-])C1=CCC(O)CC1,1,0.0016129032258064516
C=C(Cc1c(OC)ccc(C(C)=O)c1O)OO,O(O)C(=C)Cc1c(O)c(C(=O)[C;olefin])ccc1OC,1,0.0016129032258064516
O=C(c1c[nH]c(=O)[nH]c1=O)C1OCC(O)C(O)C1O,O=C(C=1C(=O)NC(=O)NC=1)C1C(O)C(O)C(O)[C;ether]O1,1,0.0016129032258064516
CC(=O)C[C@@H](C)C1=CC=C(C)CC1,O=C(C[C@@H](C)C1=CC=C(C)CC1)[C;olefin],1,0.0016129032258064516
NCCCCCN([O-])C(=O)CCC=O,O=C(N([O-])CCCCC[N;amide])CC[C;amide]=O,1,0.0016129032258064516
O=C1CC(c2ccc(O)cc2)Oc2cc(O)ccc21,O=C1c2c(OC(c3ccc([O;ether])cc3)C1)cc(O)cc2,1,0.0016129032258064516
NCCCC[NH+]1C(C=O)=CC=C1CO,O=CC=1[N+](CCCC[N;amide])C(CO)=CC=1,1,0.0016129032258064516
NCCCNCCCCNC=O,O=CNCCCC[N;amide]CCC[N;amide],1,0.0016129032258064516
O=C(c1c[nH]c(=O)[nH]c1=O)C1OCCC(O)C1O,O=C(C=1C(=O)NC(=O)NC=1)C1C(O)C(O)[C;ether][C;ether]O1,1,0.0016129032258064516
CC[C@@H](O)C1=CC(=O)c2c(O)ccc(O)c2C1=O,O=C1C([C@H](O)C[C;olefin])=CC(=O)c2c(O)ccc(O)c12,1,0.0016129032258064516
CC1(C)O[C@@]2(C)CC[C@@H]1C[C@@H]2O,[O;ester][C@@H]1[C@@]2(C)OC(C)(C)[C@@H](C1)CC2,1,0.0016129032258064516
CC(=O)C[C@H](C)c1ccc(C)cc1,O=C(C[C@H](C)c1ccc(C)cc1)[C;olefin],1,0.0016129032258064516
NC(=O)CCCNCCC[NH3+],O=C(N)CCC[N;amide]CCC[N+],1,0.0016129032258064516
C=C1C(=O)O[C@H](C)[C@H]1[C@@H](O)CCC,O=C1C(=C)[C@H]([C@@H]([O;ester])C[C;olefin]C)[C@@H]([C;olefin])O1,1,0.0016129032258064516
CC1c2c([nH]c3cccc(O)c23)C=NC1C=O,O=[C;ester]C1C(C)c2c3c([O;ether])cccc3[nH]c2C=N1,1,0.0016129032258064516
CN[C@H](C=O)Cc1ccc(OC)cc1,O=[C;ester][C@@H]([N;amide]C)Cc1ccc(OC)cc1,1,0.0016129032258064516
O[C@H]1Cc2ccccc2Nc2ccccc21,O[C@@H]1c2c([N;urea]c3c(cccc3)C1)cccc2,1,0.0016129032258064516
CCCC[C@H](C)C(C)C,[C@@H](C(C)C)(CC[C;olefin]C)[C;olefin],1,0.0016129032258064516
Oc1cc(O)cc(Oc2c(O)cc(O)cc2O)c1,O(c1c(O)cc(O)cc1O)c1cc(O)cc(O)[c;biphenyl]1,1,0.0016129032258064516
COc1cc(CCC(C)=O)ccc1O,O=C(CCc1cc(OC)c(O)cc1)[C;olefin],1,0.0016129032258064516
CC(=O)c1c([O-])c(-c2ccc(O)cc2)c[nH]c1=O,O=C([C;olefin])C1=C([O-])C(c2ccc(O)cc2)=CNC1=O,1,0.0016129032258064516
CC(=O)c1c([O-])c(-c2ccc(O)cc2)cn([O-])c1=O,O=C([C;olefin])C=1C(=O)N([O-])C=C(c2ccc(O)cc2)C=1[O-],1,0.0016129032258064516
O=C1CC(Cc2ccc3c(c2)OCO3)CO1,O=C1OCC(Cc2cc3OCOc3cc2)[C;olefin]1,1,0.0016129032258064516
O=c1oc2c(O)c(O)cc3c(=O)oc4c(O)c(O)cc1c4c23,O=C1Oc2c(O)c(O)[c;biphenyl]c3C(=O)Oc4c(O)c(O)[c;biphenyl]c1c4-c23,1,0.0016129032258064516
CC[C@H](C)[C@@H](N)[C@@H](O)CC=O,O=[C;ester]C[C@H](O)[C@H]([N;amide])[C@H](CC)C,1,0.0016129032258064516
CC1=C[C@@H](C=O)[C@@]2(O)CCO[C@@H]2[C@@H]1O,O=[C;ester][C@H]1[C@]2(O)[C@@H]([C@H](O)C(C)=C1)OC[C;olefin]2,1,0.0016129032258064516
CCC[C@H](C)C(O)[C@H](C)O,O[C@H](C(O)[C@H]([C;ether][C;olefin]C)C)[C;olefin],1,0.0016129032258064516
COc1cc(CO)cc2cccc(O)c12,O(C)c1c2c(O)cccc2[c;biphenyl]c(CO)c1,1,0.0016129032258064516
COC(=O)[C@H](O)Cc1ccc(O)c(O)c1,O=C(OC)[C@H]([O;ester])Cc1cc(O)c(O)cc1,1,0.0016129032258064516
CC1=C(C=O)C(C)(C)CCC1,O=CC=1C(C)(C)C[C;ether]CC=1C,1,0.0016129032258064516
CCCNCCCCN,[N;amide](CCCC[N;amide])CC[C;amine],1,0.0016129032258064516
CC1=NCCC2=C1N=C1C=CCC=C12,CC1=NCCC2=C1N=C1C2=C[C;ether]C=C1,1,0.0016129032258064516
COc1cccc2cc(C)cc(O)c12,O(C)c1c2c(O)[c;biphenyl]c(C)cc2ccc1,1,0.0016129032258064516
COc1cc(C)cc2cccc(O)c12,O(C)c1c2c(O)[c;biphenyl]ccc2cc(C)c1,1,0.0016129032258064516
C=CCc1cc(C(C)=O)c(O)cc1O,O=C([C;olefin])c1c(O)cc(O)c(CC=C)c1,1,0.0016129032258064516
COc1cc(C=O)cc(OC)c1OC,O=[C;ester]c1cc(OC)c(OC)c(OC)c1,1,0.0016129032258064516
CC1=CC(C)(C)CC(O)C1,OC1CC(C)(C)[C;olefin]=C(C)C1,1,0.0016129032258064516
NCCCNCCCN,[N;amide](CCC[N;amide])CCC[N;amide],1,0.0016129032258064516
NCCC1CNc2ccccc21,[N;amide]CCC1c2c(NC1)cccc2,1,0.0016129032258064516
COc1ccc(O)cc1CCN,O(C)c1c(CC[N;amide])cc([O;ether])cc1,1,0.0016129032258064516
CC(=O)CCc1ccc(O)c(O)c1,O=C(CCc1cc(O)c(O)cc1)[C;olefin],1,0.0016129032258064516
O=C(CO)C1OCC(O)C(O)C1O,O=C(CO)C1C(O)C(O)C(O)[C;ether]O1,1,0.0016129032258064516
NNC(=O)C1OCC(O)C(O)C1O,O=C(NN)C1C(O)C(O)C(O)[C;ether]O1,1,0.0016129032258064516
CC(C)[C@H](O)C(=O)[C@@H](C)C=O,O=C([C@@H]([O;ester])C(C)C)[C@H]([C;amide]=O)C,1,0.0016129032258064516
CC(O)C(O)C(O)C(O)CO,OC(C(O)C(O)[C;ether])C(O)CO,1,0.0016129032258064516
COc1cc(C)cc(OC)c1O,O(C)c1c(O)c(OC)cc([C;olefin])c1,1,0.0016129032258064516
COc1cc(C)cc(OC)c1O,O(C)c1c([O;ether])c(OC)cc([C;olefin])c1,1,0.0016129032258064516
O=C(CO)C1OCCC(O)C1O,O=C(CO)C1C(O)C(O)[C;ether][C;ether]O1,1,0.0016129032258064516
NNC(=O)C1OCCC(O)C1O,O=C(NN)C1C(O)C(O)[C;ether][C;ether]O1,1,0.0016129032258064516
O=C([O-])C1(O)CC(O)C(O)C(O)C1,O=C([O-])C1(O)CC(O)C([O;ester])C([O;ester])C1,1,0.0016129032258064516
O=C([O-])C1(O)C[C@@H](O)C(O)[C@H](O)C1,O=C([O-])C1(O)C[C@@H]([O;ester])C(O)[C@H](O)C1,1,0.0016129032258064516
O=C([O-])C1(O)CC(O)C(O)C(O)C1,O=C([O-])C1([O;ester])CC([O;ester])C(O)C([O;ester])C1,1,0.0016129032258064516
O=C[C@H](O)[C@@H](O)[C@H](O)[C@H](O)CO,O=C[C@H]([O;ester])[C@@H]([O;ester])[C@H]([O;ester])[C@H](O)C[O;ester],1,0.0016129032258064516
COc1cc(/C=C(\O)C=O)ccc1O,O=[C;amide]C(O)=Cc1cc(OC)c(O)cc1,1,0.0016129032258064516
CN[C@@H](C=O)CC(C)C,O=[C;amide][C@H]([N;amide]C)CC(C)C,1,0.0016129032258064516
OC[C@H]1O[C@H](O)[C@H](O)[C@@H](O)[C@@H]1O,OC[C@@H]1[C@@H](O)[C@H](O)[C@@H](O)[C@@H]([O;ester])O1,1,0.0016129032258064516
OC[C@H]1O[C@H](O)[C@H](O)[C@@H](O)[C@H]1O,[O;ester]C[C@@H]1[C@H](O)[C@H]([O;ester])[C@@H](O)[C@@H]([O;ester])O1,1,0.0016129032258064516
OC[C@H]1OC(O)[C@H](O)[C@@H](O)[C@H]1O,[O;ester]C[C@@H]1[C@H]([O;ester])[C@H]([O;ester])[C@@H]([O;ester])C(O)O1,1,0.0016129032258064516
CCCCCCC,C(CC[C;olefin])CCC,1,0.0016129032258064516
COc1cc(C)cc(OC)c1,O(C)c1cc(OC)cc([C;olefin])c1,1,0.0016129032258064516
COc1cc(O)cc(O)c1C(C)=O,O=C([C;olefin])c1c(OC)cc(O)cc1O,1,0.0016129032258064516
O=C([O-])CC(O)c1ccc(O)c(O)c1,O=C([O-])[C;ether]C(O)c1cc(O)c(O)cc1,1,0.0016129032258064516
O=C([O-])[C@H](O)Cc1ccc(O)c(O)c1,O=C([O-])[C@H]([O;ester])Cc1cc(O)c(O)cc1,1,0.0016129032258064516
O=CC1CC(O)C(O)C(O)C1,O=[C;ester]C1CC(O)C(O)C(O)C1,1,0.0016129032258064516
OCC1OCC(O)C(O)C1O,OCC1C(O)C(O)C([O;ester])[C;ether]O1,1,0.0016129032258064516
CCCc1ccc(O)c(O)c1,Oc1c(O)ccc(CC[C;olefin])c1,1,0.0016129032258064516
CC[C@H](C)C(C)C,[C@@H](C(C)C)(CC)[C;olefin],1,0.0016129032258064516
OCC1OCC(O)C(O)C1O,[O;ester]CC1C([O;ester])C(O)C(O)[C;ether]O1,1,0.0016129032258064516
OC[C@H]1O[C@H](CO)[C@@H](O)[C@H]1O,[O;ester]C[C@@H;ether]1[C@@H]([O;ester])[C@@H](O)[C@@H](C[O;ester])O1,1,0.0016129032258064516
OC[C@H]1OC[C@@H](O)[C@H](O)[C@@H]1O,[O;ester]C[C@@H]1[C@@H](O)[C@@H](O)[C@H]([O;ester])[C;ether]O1,1,0.0016129032258064516
OC[C@@H]1O[C@H](CO)[C@H](O)[C@@H]1O,[O;ester]C[C@@H]1[C@H](O)[C@H]([O;ester])[C@H;ether](C[O;ester])O1,1,0.0016129032258064516
COc1cc(CN)ccc1O,O(C)c1c(O)ccc(C[N;amide])c1,1,0.0016129032258064516
O=C([O-])CCc1ccc(O)c(O)c1,O=C([O-])[C;ether]Cc1cc(O)c(O)cc1,1,0.0016129032258064516
N[C@H](C=O)Cc1ccccc1,O=[C;amide][C@@H]([N;amide])Cc1ccccc1,1,0.0016129032258064516
NCC(O)c1ccc(O)cc1,OC(C[N;amide])c1ccc(O)cc1,1,0.0016129032258064516
CC1COC(O)C(O)C1O,OC1C(O)C(C)[C;ether]OC1O,1,0.0016129032258064516
COc1cccc(OC)c1O,O(C)c1c(O)c(OC)c[c;biphenyl]c1,1,0.0016129032258064516
NC(O)C(=O)c1ccc(O)cc1,O=C(C(O)[N;amide])c1ccc(O)cc1,1,0.0016129032258064516
O=COC1C=CC(=O)CC1(O)C=O,O=COC1C(O)([C;ester]=O)[C;ether]C(=O)C=C1,1,0.0016129032258064516
CCC(C)C(N)C=O,O=[C;amide]C([N;amide])C(CC)C,1,0.0016129032258064516
CC(C)CC(N)C=O,O=[C;amide]C([N;amide])CC(C)C,1,0.0016129032258064516
C[C@H]1OCC[C@H](O)[C@@H]1O,O[C@@H]1[C@@H](C)O[C;ether]C[C@@H]1O,1,0.0016129032258064516
C[C@H]1C[C@H](O)[C@H](O)CO1,O[C@@H]1[C@H](O)[C;ether]O[C@@H](C)[C;ether]1,1,0.0016129032258064516
OC1OC(O)C(O)C(O)C1O,[O;ester]C1C(O)C([O;ester])OC([O;ester])C1[O;ester],1,0.0016129032258064516
CC(C)C(C)C,C(C(C)C)([C;olefin])C,1,0.0016129032258064516
CCCCCC,C(CCC)C[C;olefin],1,0.0016129032258064516
CCCC(C)C,C([C;ether][C;olefin]C)([C;olefin])C,1,0.0016129032258064516
COc1ccc(C)cc1O,O(C)c1c(O)cc([C;olefin])cc1,1,0.0016129032258064516
NCC(=O)c1ccc(O)cc1,O=C(C[N;amide])c1ccc(O)cc1,1,0.0016129032258064516
CCC(=O)c1c([O-])cc[nH]c1=O,O=C([C;olefin]C)C=1C(=O)NC=CC=1[O-],1,0.0016129032258064516
Cc1cnc2nc(N)[nH]c(=O)c2n1,O=C1NC(N)=Nc2ncc([C;amine])nc12,1,0.0016129032258064516
Cc1nc2ccc(O)cc2c(=O)o1,O=C1OC([C;olefin])=Nc2c1cc(O)cc2,1,0.0016129032258064516
O=CCCc1ccccc1,O=[C;amide][C;amine]Cc1ccccc1,1,0.0016129032258064516
CC(C)C[C@H](O)C=O,O=[C;amide][C@@H]([O;ester])CC(C)C,1,0.0016129032258064516
O=CC1(O)C(O)C=CC(=O)C1O,O=[C;ester]C1(O)C(O)C(=O)C=CC1O,1,0.0016129032258064516
O=Cc1cc(=O)c2c(O)cccc2o1,O=[C;ester]C=1Oc2c(c(O)ccc2)C(=O)C=1,1,0.0016129032258064516
OC1COC(O)C(O)C1O,OC1C(O)C(O)[C;ether]OC1O,1,0.0016129032258064516
C=C1CCC(O)CC1,OC1C[C;olefin]C(=C)CC1,1,0.0016129032258064516
CC1CCC(O)CO1,OC1[C;ether]OC(C)[C;ether][C;ether]1,1,0.0016129032258064516
C[C@H]1C[C@@H](O)CCO1,O[C@@H]1[C;ether][C@H](C)O[C;ether]C1,1,0.0016129032258064516
C=CCc1ccccc1O,Oc1c(CC=C)c[c;biphenyl]cc1,1,0.0016129032258064516
Cc1ccc(O)c(O)c1C,Oc1c([C;olefin])c([C;olefin])ccc1O,1,0.0016129032258064516
CC1=CCCCC1,CC1=CC[C;olefin]CC1,1,0.0016129032258064516
C[C@H]1CCCCO1,C[C@@H]1O[C;ether]C[C;amine][C;ether]1,1,0.0016129032258064516
C[C@H]1CCCCO1,C[C@@H]1O[C;ether]C[C;ether][C;ether]1,1,0.0016129032258064516
COc1ccc(C)cc1,O(C)c1ccc([C;olefin])cc1,1,0.0016129032258064516
O=C([O-])[C@@H]1C[C@@H](O)CCO1,O=C([O-])[C@H]1O[C;ether][C;ether][C@H](O)[C;ether]1,1,0.0016129032258064516
Nc1cccc2c1CNC2=O,O=C1[N;lactam]Cc2c(N)cccc12,1,0.0016129032258064516
CCCCCC=O,O=[C;amide]CCCC[C;olefin],1,0.0016129032258064516
CC[C@H](C)CC=O,O=[C;ester][C;amine][C@H](CC)C,1,0.0016129032258064516
O[C@@H]1C[C@H](O)[C@@H](O)CO1,O[C@@H]1[C@@H](O)CO[C@H]([O;ester])[C;ether]1,1,0.0016129032258064516
OC1[C@H](O)COC[C@@H]1O,O[C@H]1C(O)[C@@H](O)[C;ether]OC1,1,0.0016129032258064516
OC1[C@H](O)COC[C@@H]1O,O[C@H]1C(O)[C@@H]([O;ester])[C;ether]O[C;ether]1,1,0.0016129032258064516
OC1[C@H](O)COC[C@H]1O,O[C@H]1C(O)[C@H](O)CO[C;ether]1,1,0.0016129032258064516
OC1[C@H](O)COC[C@H]1O,O[C@H]1C([O;ester])[C@H](O)[C;ether]O[C;ether]1,1,0.0016129032258064516
NCCCC[NH3+],[N+]CCCC[N;amide],1,0.0016129032258064516
CC(C)CCN,[N;amide]CCC(C)C,1,0.0016129032258064516
OC1[C@H](O)COC[C@@H]1O,[O;ester][C@H]1C(O)[C@@H](O)[C;ether]O[C;ether]1,1,0.0016129032258064516
COC1=CC(=O)N[C@H]1C,O(C)C=1[C@H](C)[N;amide]C(=O)C=1,1,0.0016129032258064516
Cc1ccc(O)c(OO)c1,O(O)c1c(O)ccc([C;olefin])c1,1,0.0016129032258064516
O=c1ccc2ccc(O)cc2o1,O=C1Oc2c(ccc(O)[c;biphenyl]2)C=C1,1,0.0016129032258064516
O=c1ccc2ccc(O)cc2o1,O=C1Oc2c(ccc([O;ether])[c;biphenyl]2)C=C1,1,0.0016129032258064516
C[C@@H]1OCCCC1=O,O=C1[C@H](C)O[C;ether]CC1,1,0.0016129032258064516
CC(C)C(N)C=O,O=[C;amide]C([N;amide])C(C)C,1,0.0016129032258064516
O=CC1(O)C=CCCC1=O,O=[C;ester]C1(O)C(=O)CCC=C1,1,0.0016129032258064516
OC1CCOCC1O,OC1C(O)[C;ether][C;ether]O[C;ether]1,1,0.0016129032258064516
CCCCCO,OC[C;olefin]CC[C;olefin],1,0.0016129032258064516
CC[C@@H](C)CO,OC[C@@H](CC)[C;olefin],1,0.0016129032258064516
OC[C@@H]1C[C@@H](O)CO1,OC[C@H]1O[C;NaroC][C@H](O)C1,1,0.0016129032258064516
O[C@H]1COC[C@H](O)C1,O[C@@H]1[C;ether][C@@H](O)CO[C;ether]1,1,0.0016129032258064516
O[C@@H]1CCOC[C@H]1O,O[C@H]1[C@H](O)[C;ether][C;ether]O[C;ether]1,1,0.0016129032258064516
OCc1cc(O)ccc1O,[O;ester]Cc1c([O;ether])ccc(O)c1,1,0.0016129032258064516
O[C@H]1COC[C@H](O)C1,[O;ester][C@@H]1[C;ether][C@@H](O)[C;ether]O[C;ether]1,1,0.0016129032258064516
CCCCC,C(C[C;ether])[C;olefin]C,1,0.0016129032258064516
CCC(C)C,C(C[C;olefin])(C)C,1,0.0016129032258064516
COc1ccccc1O,O(C)c1c(O)cc[c;biphenyl]c1,1,0.0016129032258064516
NC(CCC(=O)[O-])C(=O)[O-],O=C([O-])C([N;amide])CCC(=O)[O-],1,0.0016129032258064516
Nc1ccc(O)cc1C(=O)[O-],O=C([O-])c1c([N;amide])ccc(O)c1,1,0.0016129032258064516
Cc1ccc(O)c(O)c1,Oc1c([O;ether])ccc([C;olefin])c1,1,0.0016129032258064516
C1CCNCC1,[N;amide]1CCCCC1,1,0.0016129032258064516
Cc1ccc(O)c(O)c1,[O;ester]c1c([O;ester])ccc([C;olefin])c1,1,0.0016129032258064516
Oc1c[nH]c2ccccc12,[O;ether]c1c2c([nH]c1)cccc2,1,0.0016129032258064516
CCCC(C)=O,O=C(C[C;olefin]C)[C;olefin],1,0.0016129032258064516
COC(=O)CCC=O,O=C(OC)CC[C;ester]=O,1,0.0016129032258064516
C[C@@H](O)[C@H](N)C=O,O=[C;amide][C@@H]([N;amide])[C@H]([O;ester])C,1,0.0016129032258064516
Nc1ccc(C=O)cc1,O=[C;amide]c1ccc([N;amine])cc1,1,0.0016129032258064516
CC(C)(C)C=O,O=[C;ester]C(C)(C)C,1,0.0016129032258064516
C=C(C=O)[C@@H](O)CO,O=[C;ester]C([C@@H](O)CO)=C,1,0.0016129032258064516
O=Cc1ccccc1C=O,O=[C;ester]c1c([C;ester]=O)cccc1,1,0.0016129032258064516
Cc1ccccc1O,Oc1c([C;olefin])cccc1,1,0.0016129032258064516
Oc1ccc2ccoc2c1,Oc1cc2o[c;biphenyl]cc2cc1,1,0.0016129032258064516
CCCCN,[N;amide]CCC[C;amine],1,0.0016129032258064516
Cc1ccc(O)cc1,[O;ester]c1ccc([C;olefin])cc1,1,0.0016129032258064516
Cc1cccc(O)c1,[O;ether]c1cc([C;olefin])ccc1,1,0.0016129032258064516
O=C1CCCC(=O)N1,O=C1NC(=O)CC[C;lactam]1,1,0.0016129032258064516
CC(C)(C)O,OC([C;olefin])(C)C,1,0.0016129032258064516
Oc1cccc(O)c1O,Oc1c(O)c[c;biphenyl]cc1O,1,0.0016129032258064516
Oc1ccc(O)c(O)c1,Oc1c(O)ccc([O;ester])c1,1,0.0016129032258064516
C=CCCC,[C;olefin](=C)CC[C;olefin],1,0.0016129032258064516
Oc1cc(O)cc(O)c1,[O;ether]c1cc(O)cc(O)c1,1,0.0016129032258064516
CC(C)C,C([C;ether])(C)C,1,0.0016129032258064516
O=C([O-])C(O)C(O)C(=O)[O-],O=C([O-])C([O;ester])C([O;ester])C(=O)[O-],1,0.0016129032258064516
Cc1cc(=O)cc([O-])o1,O=C1C=C([O-])OC([C;olefin])=C1,1,0.0016129032258064516
Cc1cc([O-])cc(=O)o1,O=C1OC([C;olefin])=CC([O-])=C1,1,0.0016129032258064516
Oc1ccccc1O,Oc1c(O)c[c;biphenyl]cc1,1,0.0016129032258064516
N#Cc1ccccc1O,[O;ether]c1c(C#N)c[c;biphenyl]cc1,1,0.0016129032258064516
CC([NH3+])C(=O)[O-],O=C([O-])C([N+])[C;thioether],1,0.0016129032258064516
Cc1ncsc1C(=O)[O-],O=C([O-])c1c(C)n[c;biphenyl]s1,1,0.0016129032258064516
O=C1C[C@H](O)CO1,O=C1OC[C@@H](O)[C;olefin]1,1,0.0016129032258064516
CC(C)C=O,O=[C;ester]C(C)C,1,0.0016129032258064516
Oc1ccccc1,Oc1cc[c;biphenyl]cc1,1,0.0016129032258064516
CC(C)N,[N;amide]C(C)[C;olefin],1,0.0016129032258064516
CC(N)C(=O)[O-],O=C([O-])C([N;amide])[C;thioether],1,0.0016129032258064516
CC(N)C=O,O=[C;amide]C([N;amide])C,1,0.0016129032258064516
Cc1ccco1,[C;olefin]c1occc1,1,0.0016129032258064516
CCC,C(C)[C;thioether],1,0.0016129032258064516
CCC,C([C;thioether])C,1,0.0016129032258064516
O=CC1OC1C=O,O=[C;ester]C1C([C;amide]=O)O1,1,0.0016129032258064516
CCC,[C;ether](C)C,1,0.0016129032258064516
